group,k,adjoint_penalty,row_sum,m0,passes_exp_minus_4,margin_m0_minus_4
SU2,8,1.0,0.03515625,3.347952867143343,False,-0.6520471328566568
SU2,9,1.0,0.017578125,4.041100047703289,True,0.04110004770328857
SU2,10,1.0,0.0087890625,4.734247228263234,True,0.734247228263234
SU2,11,1.0,0.00439453125,5.427394408823179,True,1.4273944088231794
SU2,12,1.0,0.002197265625,6.120541589383125,True,2.1205415893831248
SU3_conservative,8,2.25,0.0791015625,2.5370226509270144,False,-1.4629773490729856
SU3_conservative,9,2.25,0.03955078125,3.23016983148696,False,-0.7698301685130402
SU3_conservative,10,2.25,0.019775390625,3.9233170120469048,False,-0.07668298795309525
SU3_conservative,11,2.25,0.0098876953125,4.61646419260685,True,0.6164641926068501
SU3_conservative,12,2.25,0.00494384765625,5.3096113731667955,True,1.3096113731667955
