diameter,count,z_sum,weighted_sum,beta,kp_ratio,promotion_status
1,15,-14.9991060994,40.7717975531,6,40.7717975531,NO_PROMOTION
1,15,-14.9999415469,40.7740685348,7.69,40.7740685348,NO_PROMOTION
1,15,-14.9999988501,40.7742243011,10.13,40.7742243011,NO_PROMOTION
1,15,-14.9999999959,40.7742274157,13.64,40.7742274157,NO_PROMOTION
1,15,-15,40.7742274268,16.7,40.7742274268,NO_PROMOTION
2,176,-175.999940792,788.77701103,6,788.77701103,NO_PROMOTION
2,176,-175.9999991,788.777272347,7.69,788.777272347,NO_PROMOTION
2,176,-175.999999998,788.77727637,10.13,788.77727637,NO_PROMOTION
2,176,-176,788.777276379,13.64,788.777276379,NO_PROMOTION
2,176,-176,788.777276379,16.7,788.777276379,NO_PROMOTION
