{
  "script": "scripts/ns_triad_kn_cross_shell_schur_symbolic_audit.py",
  "contract": "ns_triad_kn_cross_shell_schur_symbolic_audit",
  "schema_version": "1.0.0",
  "c0": 0.1111111111111111,
  "rows": [
    {
      "N": 10,
      "K": 9,
      "eta": 0.25,
      "mode_count": 9260,
      "edge_count": 3047778,
      "block_size": 4374,
      "G_size": 26,
      "C_size": 4348,
      "M_GG": {
        "label": "M_GG",
        "n": 26,
        "rank": 26,
        "nullity": 0,
        "lambda_min": 0.00013486684655162652,
        "lambda_max": 0.015668114293825176,
        "norm": 0.015668114293825176,
        "psd_gap": 0.00013486684655162652
      },
      "M_GC_norm": 0.00434406223448098,
      "M_CC": {
        "label": "M_CC",
        "n": 4348,
        "rank": null,
        "nullity": null,
        "nullity_estimate": 0,
        "lambda_min": 4.290626635478363e-06,
        "lambda_max": null,
        "norm": null,
        "psd_gap": 4.290626635478363e-06,
        "bottom_eigs": [
          4.290626635478363e-06,
          1.8885526558298313e-05,
          1.9731686950491274e-05
        ],
        "evaluation_method": "eigsh"
      },
      "M_CC_worst_eigenvector_support": {
        "support": {
          "9": 0.44776655600447923,
          "10": 0.5522334439955208
        },
        "lambda_min": 4.290626635478363e-06,
        "bottom_eigs": [
          4.290626635478363e-06,
          1.8885526558298313e-05,
          1.9731686950491274e-05
        ],
        "evaluation_method": "eigsh"
      },
      "S_C": {
        "label": "S_C",
        "n": 4348,
        "rank": 4347,
        "nullity": 1,
        "nullity_estimate": 1,
        "lambda_min": -3.2335869354096835e-18,
        "lambda_max": null,
        "norm": null,
        "psd_gap": -3.2335869354096835e-18,
        "bottom_eigs": [
          -3.2335869354096835e-18,
          1.888394236232864e-05,
          1.973159945299417e-05
        ],
        "evaluation_method": "eigsh"
      },
      "correction_norm": 0.0012073141824628347,
      "S_C_worst_eigenvector_support": {
        "support": {
          "9": 0.4475620975160818,
          "10": 0.5524379024838773
        },
        "lambda_min": -3.2335869354096835e-18
      },
      "null_vector_diagnostics": {
        "corr_constant": 0.9999999999999702,
        "corr_shell_9": 0.6690008202656226,
        "corr_shell_10": 0.7432616648824751,
        "shell_mass": {
          "9": 0.4475620975160818,
          "10": 0.5524379024838773
        },
        "corr_shell_balance": -0.10487580496779846,
        "corr_sqrt_degree": 0.9749997325195182,
        "corr_inv_degree": 0.954111188851163,
        "corr_degree_weighted_balance": -0.04672734153506658
      },
      "row_sum_diagnostics": {
        "n": 4348,
        "max_abs_row_sum": 2.3771132631744685e-16,
        "l2_row_sum": 5.138709353427155e-16,
        "mean_row_sum": -1.6990364224289438e-19
      },
      "effective_laplacian_sign_diagnostics": {
        "audit_requested": true,
        "dense_audit_available": false,
        "route_verdict": "signed_psd_required"
      },
      "signed_factorization_diagnostics": null,
      "domination_ratio_matrix_free_diagnostics": {
        "audit_requested": true,
        "dense_audit_available": false,
        "matrix_free_requested": true,
        "status": "ok",
        "decomposition": "S_C = L_good - L_bad",
        "row_chunk": 192,
        "regularization_eps": 1e-08,
        "L_good_lambda1_one_perp": 5.035307303742789e-05,
        "L_good_lambda1_one_perp_regularized": 5.036307303742789e-05,
        "L_bad_lambda_max_one_perp": 0.0050112805911643726,
        "domination_ratio_sup_one_perp": 0.6144013021127077,
        "domination_ratio_residual_norm": 4.2399975066016417e-07,
        "domination_ratio_solver_residual_norm": 1.2706817766333389e-05,
        "L_good_solver_residual_norm": 2.0079058588243403e-05,
        "L_bad_solver_residual_norm": 8.411402024955555e-06,
        "domination_holds_strictly_observed": true,
        "worst_eigenvector_diagnostics": {
          "shell_mass": {
            "9": 0.44727443677068435,
            "10": 0.5527255632293167
          },
          "constant_correlation": -4.3210656673859515e-17,
          "degree_correlation": -0.03899636537622465,
          "sqrt_degree_correlation": -0.009183813078808703,
          "shell_value_correlation": -0.00037858127195360423,
          "axis_concentration": 0.0007272170988633952,
          "nonaxis_concentration": 0.9992727829011376,
          "sign_pattern_mass": {
            "+++": 0.07935822474945188,
            "++-": 0.11115433801344149,
            "++0": 0.0051248041474051455,
            "+-+": 0.1731776387013358,
            "+--": 0.10009806253734027,
            "+-0": 0.01002517872047251,
            "+0+": 0.002610662695771657,
            "+0-": 0.005144808348117717,
            "+00": 0.00010342765482773812,
            "-++": 0.09417285013506922,
            "-+-": 0.11107286772938552,
            "-+0": 0.009664614373376927,
            "--+": 0.0764899449355137,
            "---": 0.09628897328869326,
            "--0": 0.004368675590608024,
            "-0+": 0.1018586196659387,
            "-0-": 0.004443850834428108,
            "-00": 0.0003542629880940956,
            "0++": 0.0016341490733011185,
            "0+-": 0.0019978943934020085,
            "0+0": 3.597038256972809e-05,
            "0-+": 0.005547388813211034,
            "0--": 0.005039236154873515,
            "0-0": 5.144368682878724e-05,
            "00+": 8.916597695090122e-05,
            "00-": 9.294640959214482e-05
          },
          "top_modes": [
            {
              "rank": 1,
              "mode": [
                -1,
                0,
                9
              ],
              "shell": 9,
              "value": 0.3114474517067681,
              "abs_value": 0.3114474517067681,
              "mass": 0.09699951517463963,
              "is_axis": false
            },
            {
              "rank": 2,
              "mode": [
                1,
                -7,
                10
              ],
              "shell": 10,
              "value": 0.2950289650685498,
              "abs_value": 0.2950289650685498,
              "mass": 0.08704209022941958,
              "is_axis": false
            },
            {
              "rank": 3,
              "mode": [
                -9,
                3,
                -9
              ],
              "shell": 9,
              "value": 0.09726425039841012,
              "abs_value": 0.09726425039841012,
              "mass": 0.009460334405564623,
              "is_axis": false
            },
            {
              "rank": 4,
              "mode": [
                9,
                -5,
                -6
              ],
              "shell": 9,
              "value": 0.08707749097950623,
              "abs_value": 0.08707749097950623,
              "mass": 0.007582489435285989,
              "is_axis": false
            },
            {
              "rank": 5,
              "mode": [
                -2,
                -10,
                -1
              ],
              "shell": 10,
              "value": 0.08078867648806211,
              "abs_value": 0.08078867648806211,
              "mass": 0.006526810248692759,
              "is_axis": false
            },
            {
              "rank": 6,
              "mode": [
                2,
                5,
                -10
              ],
              "shell": 10,
              "value": 0.07856655246160227,
              "abs_value": 0.07856655246160227,
              "mass": 0.006172703165701701,
              "is_axis": false
            },
            {
              "rank": 7,
              "mode": [
                4,
                -10,
                -1
              ],
              "shell": 10,
              "value": 0.0752512324160933,
              "abs_value": 0.0752512324160933,