{
  "authority": {
    "candidate_only": true,
    "clay_authority": false,
    "empirical_non_promoting": true,
    "promoted": false,
    "theorem_authority": false
  },
  "best_per_helicity_seed": [
    {
      "allocation": "0.25,0.40,0.15,0.20",
      "designed_conservation_residual": 1.01517133837669e-10,
      "feedback_loop_closure_fraction": 0.0014382095641778767,
      "helicity_static_rank": 0,
      "intended_loop_balance": 0.001440280990072903,
      "min_moving_window_recurrence_ratio": 0.2852619191758713,
      "moving_packet_heat_compensated_ratio": 0.3755188596023345,
      "moving_packet_recurrence_ratio": 0.2852619171737731,
      "moving_packet_scale_displacement": 2,
      "negative_over_viscous": 0.8331941958096284,
      "path": "/home/c/Documents/code/dashi_agda/scripts/data/outputs/ns_phase_quarter_tranche_6/quarter_donor-heavy_rank00_phase000.json",
      "phase_sample_index": 0,
      "positive_over_viscous": 0.39086242150432604,
      "seed": 20260716,
      "support_leakage_fraction": 0.9782279719033612,
      "target_dynamics_capture": 0.014398552577799942
    }
  ],
  "best_per_role_allocation": [
    {
      "allocation": "0.25,0.40,0.15,0.20",
      "designed_conservation_residual": 1.01517133837669e-10,
      "feedback_loop_closure_fraction": 0.0014382095641778767,
      "helicity_static_rank": 0,
      "intended_loop_balance": 0.001440280990072903,
      "min_moving_window_recurrence_ratio": 0.2852619191758713,
      "moving_packet_heat_compensated_ratio": 0.3755188596023345,
      "moving_packet_recurrence_ratio": 0.2852619171737731,
      "moving_packet_scale_displacement": 2,
      "negative_over_viscous": 0.8331941958096284,
      "path": "/home/c/Documents/code/dashi_agda/scripts/data/outputs/ns_phase_quarter_tranche_6/quarter_donor-heavy_rank00_phase000.json",
      "phase_sample_index": 0,
      "positive_over_viscous": 0.39086242150432604,
      "seed": 20260716,
      "support_leakage_fraction": 0.9782279719033612,
      "target_dynamics_capture": 0.014398552577799942
    },
    {
      "allocation": "0.3,0.25,0.25,0.2",
      "designed_conservation_residual": 2.2637790079993447e-10,
      "feedback_loop_closure_fraction": 0.0001251582141462852,
      "helicity_static_rank": 0,
      "intended_loop_balance": 0.00012517388068564956,
      "min_moving_window_recurrence_ratio": 0.19076353884684996,
      "moving_packet_heat_compensated_ratio": 0.36148122406382976,
      "moving_packet_recurrence_ratio": 0.1907635367595207,
      "moving_packet_scale_displacement": 0,
      "negative_over_viscous": 1.192230602650987,
      "path": "/home/c/Documents/code/dashi_agda/scripts/data/outputs/ns_phase_quarter_tranche_6/quarter_balanced_rank00_phase000.json",
      "phase_sample_index": 0,
      "positive_over_viscous": 0.020170310052039453,
      "seed": 20260716,
      "support_leakage_fraction": 0.975767816746794,
      "target_dynamics_capture": 0.012981208267506289
    },
    {
      "allocation": "0.35,0.30,0.05,0.30",
      "designed_conservation_residual": 1.3222834936363337e-10,
      "feedback_loop_closure_fraction": 0.001783325234280184,
      "helicity_static_rank": 0,
      "intended_loop_balance": 0.0017865111647215551,
      "min_moving_window_recurrence_ratio": 0.23672636665122798,
      "moving_packet_heat_compensated_ratio": 0.35340631555780844,
      "moving_packet_recurrence_ratio": 0.16570845019865224,
      "moving_packet_scale_displacement": 0,
      "negative_over_viscous": 1.2246009534012274,
      "path": "/home/c/Documents/code/dashi_agda/scripts/data/outputs/ns_phase_quarter_tranche_6/quarter_outlet-suppressed_rank00_phase000.json",
      "phase_sample_index": 0,
      "positive_over_viscous": 0.0007866243919204567,
      "seed": 20260716,
      "support_leakage_fraction": 0.9744961478587274,
      "target_dynamics_capture": 0.009602055638651021
    },
    {
      "allocation": "0.25,0.20,0.15,0.40",
      "designed_conservation_residual": 6.700371307051187e-11,
      "feedback_loop_closure_fraction": 0.00039439801863394515,
      "helicity_static_rank": 0,
      "intended_loop_balance": 0.00039455362980378455,
      "min_moving_window_recurrence_ratio": 0.15553533541385592,
      "moving_packet_heat_compensated_ratio": 0.38558289050460015,
      "moving_packet_recurrence_ratio": 0.15553533246809334,
      "moving_packet_scale_displacement": 0,
      "negative_over_viscous": 1.1116066616305897,
      "path": "/home/c/Documents/code/dashi_agda/scripts/data/outputs/ns_phase_quarter_tranche_6/quarter_feedback-heavy_rank00_phase000.json",
      "phase_sample_index": 0,
      "positive_over_viscous": 0.005592462295586039,
      "seed": 20260716,
      "support_leakage_fraction": 0.9731338843550429,
      "target_dynamics_capture": 0.01660384311446419
    },
    {
      "allocation": "0.25,0.20,0.35,0.20",
      "designed_conservation_residual": 1.4663374204096358e-10,
      "feedback_loop_closure_fraction": 0.0010001703666933006,
      "helicity_static_rank": 0,
      "intended_loop_balance": 0.0010011717089685825,
      "min_moving_window_recurrence_ratio": 0.1537518815583253,
      "moving_packet_heat_compensated_ratio": 0.38116158928870136,
      "moving_packet_recurrence_ratio": 0.15375188052691285,
      "moving_packet_scale_displacement": 0,
      "negative_over_viscous": 1.1582597315901333,
      "path": "/home/c/Documents/code/dashi_agda/scripts/data/outputs/ns_phase_quarter_tranche_6/quarter_outlet-enabled_rank00_phase000.json",
      "phase_sample_index": 0,
      "positive_over_viscous": 0.09006663103398847,
      "seed": 20260716,
      "support_leakage_fraction": 0.9709736261169518,
      "target_dynamics_capture": 0.015583063024999703
    },
    {
      "allocation": "0.50,0.20,0.15,0.15",
      "designed_conservation_residual": 5.393263198777247e-11,
      "feedback_loop_closure_fraction": 0.0017513566857939064,
      "helicity_static_rank": 0,
      "intended_loop_balance": 0.0017544293173085274,
      "min_moving_window_recurrence_ratio": 0.1489263276240704,
      "moving_packet_heat_compensated_ratio": 0.3067807296930186,
      "moving_packet_recurrence_ratio": 0.1489263339602051,
      "moving_packet_scale_displacement": 1,
      "negative_over_viscous": 2.1783410717494274,
      "path": "/home/c/Documents/code/dashi_agda/scripts/data/outputs/ns_phase_quarter_tranche_6/quarter_target-heavy_rank00_phase000.json",
      "phase_sample_index": 0,
      "positive_over_viscous": 0.0,
      "seed": 20260716,
      "support_leakage_fraction": 0.9695696908454897,
      "target_dynamics_capture": 0.003913527336060476
    }
  ],
  "completed_task_count": 6,
  "contract": "ns_phase_locked_packet_partial_screen_collection",
  "diagnostic_pareto_frontier": [
    {
      "allocation": "0.25,0.40,0.15,0.20",
      "designed_conservation_residual": 1.01517133837669e-10,
      "feedback_loop_closure_fraction": 0.0014382095641778767,
      "helicity_static_rank": 0,
      "intended_loop_balance": 0.001440280990072903,
      "min_moving_window_recurrence_ratio": 0.2852619191758713,
      "moving_packet_heat_compensated_ratio": 0.3755188596023345,
      "moving_packet_recurrence_ratio": 0.2852619171737731,
      "moving_packet_scale_displacement": 2,
      "negative_over_viscous": 0.8331941958096284,
      "path": "/home/c/Documents/code/dashi_agda/scripts/data/outputs/ns_phase_quarter_tranche_6/quarter_donor-heavy_rank00_phase000.json",
      "phase_sample_index": 0,
      "positive_over_viscous": 0.39086242150432604,
      "seed": 20260716,
      "support_leakage_fraction": 0.9782279719033612,
      "target_dynamics_capture": 0.014398552577799942
    },
    {
      "allocation": "0.3,0.25,0.25,0.2",
      "designed_conservation_residual": 2.2637790079993447e-10,
      "feedback_loop_closure_fraction": 0.0001251582141462852,
      "helicity_static_rank": 0,
      "intended_loop_balance": 0.00012517388068564956,
      "min_moving_window_recurrence_ratio": 0.19076353884684996,