k,l_block,spatial_link_count_factor,per_link_oscillation_factor,squared_sum_factor,uniform_cq_factor,ratio_to_isotropic_4c_squared
0,2,3,1,3,3,0.75
1,2,24,0.25,1.5,3,0.375
2,2,192,0.0625,0.75,3,0.1875
3,2,1536,0.015625,0.375,3,0.09375
4,2,12288,0.00390625,0.1875,3,0.046875
5,2,98304,0.0009765625,0.09375,3,0.0234375
6,2,786432,0.000244140625,0.046875,3,0.01171875
7,2,6291456,6.103515625e-05,0.0234375,3,0.005859375
8,2,50331648,1.52587890625e-05,0.01171875,3,0.0029296875
9,2,402653184,3.814697265625e-06,0.005859375,3,0.00146484375
10,2,3221225472,9.5367431640625e-07,0.0029296875,3,0.000732421875
11,2,25769803776,2.384185791015625e-07,0.00146484375,3,0.0003662109375
12,2,206158430208,5.960464477539063e-08,0.000732421875,3,0.00018310546875
