{
  "anatomy_read": "Candidate-only finite-shell anatomy: q_diag and q_schur stay on the 10^-2 scale (0.0158186..0.0179025, 0.0157681..0.0178526 when available), q_gap stays much smaller (0.000173949..0.000528544) and tracks N^-2.2 in the parent fit, q_gap/q_diag stays around 0.010949..0.0295235, q_schur_subtraction/q_diag stays around 0.00278306..0.0031946, D*q_gap averages about 0.00425394, and the subtraction remains a small residue rather than a catastrophic cancellation.",
  "authority": {
    "candidate_only": true,
    "clay_authority": false,
    "empirical_non_promoting": true,
    "promoted": false,
    "runtime_authority": false,
    "theorem_authority": false,
    "truth_authority": false
  },
  "bkm_exclusion_proved": false,
  "candidate_only": true,
  "clay_promoted": false,
  "contract": "ns_triad_kn_schur_gap_anatomy",
  "fail_closed": true,
  "full_ns_promoted": false,
  "input_summary": "scripts/data/outputs/ns_boundary_pressure_geometric_20260621/ns_triad_kn_sparse_schur_scaling_20260624/summary.json",
  "product_stats": {
    "D_q_gap": {
      "count": 3,
      "max": 0.004557249030978871,
      "mean": 0.004253938806904319,
      "min": 0.004095172011266396,
      "relative_range": 0.10862333491081361,
      "sample_stdev": 0.00026277061301590004
    },
    "N2_q_gap": {
      "count": 3,
      "max": 0.019027572331753617,
      "mean": 0.017917511487967178,
      "min": 0.01733001861660528,
      "relative_range": 0.09474271671534072,
      "sample_stdev": 0.0009618888284549319
    }
  },
  "promotion_flags": [],
  "ratio_stats": {
    "q_gap_over_q_diag": {
      "count": 3,
      "max": 0.029523506088150755,
      "mean": 0.0191968080672997,
      "min": 0.010948999433374506,
      "relative_range": 0.9675830788982315,
      "sample_stdev": 0.009460148528399886
    },
    "q_schur_subtraction_over_q_diag": {
      "count": 3,
      "max": 0.0031946030425162586,
      "mean": 0.0030144379177138602,
      "min": 0.0027830641220822246,
      "relative_range": 0.1365226060937237,
      "sample_stdev": 0.0002104942201916134
    }
  },
  "route_decision": "FAIL_CLOSED_NS_TRIAD_KN_SCHUR_GAP_ANATOMY",
  "row_count": 3,
  "rows": [
    {
      "D": 8.62227520435967,
      "D_q_gap": 0.004557249030978871,
      "K": 5,
      "N2_q_gap": 0.019027572331753617,
      "R_cross": 4.021691686411186,
      "R_finite": 0.17521689929964346,
      "R_full": 0.16722078234382698,
      "R_tail": 0.4195752024137984,
      "bkm_tail_projection_squared_fraction": 4.850428100066944e-05,
      "bkm_top_projection_squared_fraction": 0.0004864275547562777,
      "cg_info": 0,
      "cg_relative_residual": 7.45861859278786e-09,
      "cross_l_neg_fraction": -0.09712079356934952,
      "detail_json": "scripts/data/outputs/ns_boundary_pressure_geometric_20260621/ns_triad_kn_sparse_schur_scaling_20260624/shell6_K5_eta250.json",
      "eigen_tail_mass": 0.5730938509746395,
      "elapsed_seconds": null,
      "eta": 0.25,
      "finite_mass": 0.4269061490253601,
      "lambda_min": 0.1672207823438274,
      "q_coup": 0.012202353258336658,
      "q_diag": 0.01790246979149186,
      "q_gap": 0.0005285436758820449,
      "q_gap_kind": "sparse_positive_schur_per_tail_mass",
      "q_gap_over_q_diag": 0.029523506088150755,
      "q_gap_over_q_schur": 0.029605901209609705,
      "q_schur": 0.01785264607011815,
      "q_schur_subtraction": 4.9823721373361836e-05,
      "q_schur_subtraction_over_q_diag": 0.0027830641220822246,
      "q_schur_subtraction_over_q_schur": 0.002790831184221875,
      "shell": 6,
      "status": "ok",
      "tail_mass": 0.57309385097464,
      "warnings": [
        "velocity_snapshots trailing channel layout detected",
        "dense_schur_skipped_large_mode_count: mode_count=2196 > dense_schur_mode_limit=0"
      ],
      "worst_eigen_shell": 1,
      "worst_eigen_shell_mass": 0.3966114009246984
    },
    {
      "D": 15.123527245949925,
      "D_q_gap": 0.004095172011266396,
      "K": 7,
      "N2_q_gap": 0.01733001861660528,
      "R_cross": 4.281393985277115,
      "R_finite": 0.17501833514074094,
      "R_full": 0.16740193525771752,
      "R_tail": 0.4362136504350057,
      "bkm_tail_projection_squared_fraction": 5.991402692242359e-05,
      "bkm_top_projection_squared_fraction": 0.0006819236538614201,
      "cg_info": 0,
      "cg_relative_residual": 1.8831736478592427e-09,
      "cross_l_neg_fraction": -0.09308101502987877,
      "detail_json": "scripts/data/outputs/ns_boundary_pressure_geometric_20260621/ns_triad_kn_sparse_schur_scaling_20260624/shell8_K7_eta250.json",
      "eigen_tail_mass": 0.6980028452169236,
      "elapsed_seconds": null,
      "eta": 0.25,
      "finite_mass": 0.30199715478307393,
      "lambda_min": 0.1674019352577181,
      "q_coup": 0.011942476783773772,
      "q_diag": 0.015818601895504734,
      "q_gap": 0.0002707815408844575,
      "q_gap_kind": "sparse_positive_schur_per_tail_mass",
      "q_gap_over_q_diag": 0.017117918680373836,
      "q_gap_over_q_schur": 0.017172778892071215,
      "q_schur": 0.01576806774176072,
      "q_schur_subtraction": 5.053415374373288e-05,
      "q_schur_subtraction_over_q_diag": 0.0031946030425162586,
      "q_schur_subtraction_over_q_schur": 0.003204841238086288,
      "shell": 8,
      "status": "ok",
      "tail_mass": 0.6980028452169259,
      "warnings": [
        "velocity_snapshots trailing channel layout detected",
        "dense_schur_skipped_large_mode_count: mode_count=4912 > dense_schur_mode_limit=0"
      ],
      "worst_eigen_shell": 8,
      "worst_eigen_shell_mass": 0.39696494324785425
    },
    {
      "D": 23.624080036798535,
      "D_q_gap": 0.0041093953784676895,
      "K": 9,
      "N2_q_gap": 0.01739494351554264,
      "R_cross": 4.508733890322357,
      "R_finite": 0.1744307655335781,
      "R_full": 0.16681126427943885,
      "R_tail": 0.42683055399411324,
      "bkm_tail_projection_squared_fraction": 1.9384276900414127e-05,
      "bkm_top_projection_squared_fraction": 0.0003083225562119862,
      "cg_info": 0,
      "cg_relative_residual": 1.544774336844304e-09,
      "cross_l_neg_fraction": -0.09114360054341542,
      "detail_json": "scripts/data/outputs/ns_boundary_pressure_geometric_20260621/ns_triad_kn_sparse_schur_scaling_20260624/shell10_K9_eta250.json",
      "eigen_tail_mass": 0.7665122182850175,
      "elapsed_seconds": null,
      "eta": 0.25,
      "finite_mass": 0.23348778171498202,
      "lambda_min": 0.16681126427943785,
      "q_coup": 0.011831692311185329,
      "q_diag": 0.01588724487693345,
      "q_gap": 0.00017394943515542638,
      "q_gap_kind": "sparse_positive_schur_per_tail_mass",
      "q_gap_over_q_diag": 0.010948999433374506,
      "q_gap_over_q_schur": 0.010982668413328506,
      "q_schur": 0.01583854019887574,
      "q_schur_subtraction": 4.870467805831984e-05,
      "q_schur_subtraction_over_q_diag": 0.0030656465885430975,
      "q_schur_subtraction_over_q_schur": 0.003075073677672455,
      "shell": 10,
      "status": "ok",
      "tail_mass": 0.766512218285018,
      "warnings": [
        "velocity_snapshots trailing channel layout detected",
        "dense_schur_skipped_large_mode_count: mode_count=9260 > dense_schur_mode_limit=0"
      ],
      "worst_eigen_shell": 10,
      "worst_eigen_shell_mass": 0.41562765972228566
    }
  ],
  "schema_version": "1.0.0",
  "script_name": "scripts/ns_triad_kn_schur_gap_anatomy.py",
  "source_row_count": 3,
  "source_status": "ok",
  "status": "partial",
  "terminal_promoted": false,
  "theorem_promoted": false
}