{
  "cases": [
    {
      "checks": {
        "additivity": true,
        "quadratic_four_point_output": true,
        "representative_compatibility": true,
        "scalar_compatibility": true
      },
      "description": "Applies a fixed matrix to observable quotient coordinates and ignores null representatives.",
      "max_errors": {
        "additivity": 1.0175362097255202e-15,
        "combined": 1.4210854715202004e-14,
        "quadratic_four_point_output": 1.4210854715202004e-14,
        "representative_compatibility": 0.0,
        "scalar_compatibility": 1.0877919644084146e-15
      },
      "mean_errors": {
        "additivity": 2.1892796095455114e-16,
        "quadratic_four_point_output": 1.5624437507688604e-15,
        "representative_compatibility": 0.0,
        "scalar_compatibility": 1.7792947496617038e-16
      },
      "name": "quotient_linear",
      "passed_all_proxy_checks": true,
      "promotion": false,
      "worst_examples": [
        {
          "additivity_error": 6.304854800243424e-16,
          "alpha": 0.63892713757344,
          "combined_error": 1.4210854715202004e-14,
          "four_point_error": 1.4210854715202004e-14,
          "quotient_x": [
            -0.7572369584425813,
            0.7462338693868042,
            0.33462602268389374,
            0.08749931906536124
          ],
          "quotient_y": [
            0.6272911113598625,
            0.9566393236221462,
            0.5991099253005756,
            0.7392008057967236
          ],
          "representative_error": 0.0,
          "sample": 223,
          "scalar_error": 1.1102230246251565e-16
        },
        {
          "additivity_error": 8.899114524108741e-16,
          "alpha": 0.29835821927157813,
          "combined_error": 8.881784197001252e-15,
          "four_point_error": 8.881784197001252e-15,
          "quotient_x": [
            0.0507695874302212,
            0.1855621152750746,
            0.9043178248225026,
            0.9909161182616837
          ],
          "quotient_y": [
            0.4624432330098367,
            0.5569718616039248,
            0.538714394557732,
            0.6785789131953617
          ],
          "representative_error": 0.0,
          "sample": 5,
          "scalar_error": 1.249000902703301e-16
        },
        {
          "additivity_error": 1.9229626863835638e-16,
          "alpha": -1.1268971145606907,
          "combined_error": 8.881784197001252e-15,
          "four_point_error": 8.881784197001252e-15,
          "quotient_x": [
            0.6455546406379977,
            -0.08361942503976705,
            0.37094677939438725,
            0.7381140335242964
          ],
          "quotient_y": [
            0.1979712614655882,
            -0.7322550643894989,
            -0.8624026039069554,
            -0.3550133505926494
          ],
          "representative_error": 0.0,
          "sample": 18,
          "scalar_error": 4.440892098500626e-16
        },
        {
          "additivity_error": 4.965068306494546e-16,
          "alpha": -0.34886863268088675,
          "combined_error": 8.881784197001252e-15,
          "four_point_error": 8.881784197001252e-15,
          "quotient_x": [
            0.6948454415799008,
            0.14480861113478083,
            -0.47261545693286644,
            -0.7657418779105181
          ],
          "quotient_y": [
            -0.08133125727603718,
            -0.9838450977038453,
            -0.49788154717667754,
            -0.6666998623094647
          ],
          "representative_error": 0.0,
          "sample": 51,
          "scalar_error": 6.206335383118183e-17
        }
      ]
    },
    {
      "checks": {
        "additivity": false,
        "quadratic_four_point_output": false,
        "representative_compatibility": false,
        "scalar_compatibility": false
      },
      "description": "Adds coordinate squares and null-energy dependence; expected to fail quotient-linearity.",
      "max_errors": {
        "additivity": 1.0691797044796862,
        "combined": 13.568828334286165,
        "quadratic_four_point_output": 13.568828334286165,
        "representative_compatibility": 1.517514929013432,
        "scalar_compatibility": 3.6249133217649168
      },
      "mean_errors": {
        "additivity": 0.41674522813110376,
        "quadratic_four_point_output": 2.309442693083707,
        "representative_compatibility": 0.29971332319502236,
        "scalar_compatibility": 0.4723988885933463
      },
      "name": "nonlinear_representative_dependent",
      "passed_all_proxy_checks": false,
      "promotion": false,
      "worst_examples": [
        {
          "additivity_error": 1.0691797044796862,
          "alpha": 1.384115375605655,
          "combined_error": 13.568828334286165,
          "four_point_error": 13.568828334286165,
          "quotient_x": [
            0.8590354499907793,
            -0.20874070961031754,
            0.8676985674908873,
            0.8157151097267865
          ],
          "quotient_y": [
            -0.4404025731004857,
            -0.5847005295692609,
            0.14615056700290463,
            -0.9606379386129049
          ],
          "representative_error": 0.2936454931135546,
          "sample": 43,
          "scalar_error": 0.3518978699944595
        },
        {
          "additivity_error": 0.39314512969812343,
          "alpha": 1.9955198790654438,
          "combined_error": 9.43320884807309,
          "four_point_error": 9.43320884807309,
          "quotient_x": [
            -0.03332106882567465,
            -0.1394193488716562,
            -0.7273191077093666,
            -0.5930460728130662
          ],
          "quotient_y": [
            0.8051994421785813,
            0.9062463811420867,
            0.9927981657545337,
            0.3849754260150924
          ],
          "representative_error": 0.584263068341486,
          "sample": 230,
          "scalar_error": 0.3863244018932604
        },
        {
          "additivity_error": 0.7854894217530898,
          "alpha": -0.31050802510038267,
          "combined_error": 9.17222779294534,
          "four_point_error": 9.17222779294534,
          "quotient_x": [
            -0.08423743870237788,
            0.42743986846685367,
            0.8836759039134827,
            0.34954641808060627
          ],
          "quotient_y": [
            -0.8235375719494533,
            -0.07413942598074019,
            0.2956970337745306,
            -0.895021719282858
          ],
          "representative_error": 0.39137916971483677,
          "sample": 24,
          "scalar_error": 0.2174734177635167
        },
        {
          "additivity_error": 0.6997175644734285,
          "alpha": 1.8111444658785896,
          "combined_error": 9.14628977998727,
          "four_point_error": 9.14628977998727,
          "quotient_x": [
            0.3892467575972771,
            -0.16759410215940407,
            0.8475044560996214,
            -0.06933447326365672
          ],
          "quotient_y": [
            -0.9889431357876262,
            -0.8736316557481443,
            0.6737211742913067,
            0.9880906206923581
          ],
          "representative_error": 0.33808860098057103,
          "sample": 195,
          "scalar_error": 0.6593491846654559
        }
      ]
    }
  ],
  "clay_promotion": false,
  "control": {
    "C": "scripts/gluing_operator_linearity_proxy_harness.py",
    "F": "Does not define the real quotient V or prove GluingResidualForcesFourPointCancellation.",
    "G": "promotion=false always; diagnostics cannot prove unification or Clay claims.",
    "L": "construct quotient proxy -> test linear gluing -> test nonlinear counterexample -> emit fail-closed JSON",
    "O": "Lane 6 unification gluing diagnostic harness.",
    "P": "Use deterministic finite-dimensional operators with randomized samples.",
    "R": "Test additivity, scalar compatibility, and representative compatibility for finite defect-section quotient proxies.",