{
  "clay_promoted": false,
  "clay_promotion": false,
  "diagnostic_only": true,
  "field_summary": {
    "shape": [
      24,
      16,
      16
    ],
    "u_mean_final": 0.9782567253333441,
    "u_mean_initial": 0.9669470544561466,
    "u_variance_final": 0.0011489055801137816,
    "uv2_mean_final": 0.00042284771539738934,
    "uv2_mean_initial": 0.002119364514751517,
    "v_mean_final": 0.007893192016091306,
    "v_mean_initial": 0.014904537607238862,
    "v_variance_final": 0.0004289420587305856
  },
  "fourier_shell_energy": {
    "u": {
      "final": [
        244.9884724889389,
        0.25026646862799756,
        0.03860681886485278,
        0.004417822393847429,
        0.000672481855992909,
        0.0001345473438426525,
        1.7637701628177518e-05,
        4.051720966746676e-06
      ],
      "initial": [
        239.3565711670831,
        1.3886418462296428,
        1.0246514505770812,
        0.2108599350270669,
        0.007761713104609009,
        0.04434983750396093,
        0.048766223532014666,
        0.016766248048053854
      ],
      "late_abel_weighted": [
        243.39827950596577,
        0.40235814517687085,
        0.08649108657522844,
        0.010242869724774697,
        0.001294114382890171,
        0.0003567206883460448,
        0.00015059803306841546,
        4.75140643323596e-05
      ],
      "shell_count": 8,
      "total_final": 245.28259231744804,
      "total_initial": 242.09836842110553,
      "total_late_abel_weighted": 243.89922055461128
    },
    "uv2": {
      "final": [
        4.577284874669863e-05,
        0.00027956258129736156,
        0.00028475048470829613,
        0.00014502263163569603,
        5.979695808462721e-05,
        2.525693765253466e-05,
        5.211366431525509e-06,
        1.7347649594647758e-06
      ],
      "initial": [
        0.0011498767222753107,
        0.006125270556527821,
        0.005533021498662266,
        0.0016840414090019578,
        0.00016583831610846551,
        0.0006118059097681524,
        0.0009401704552226746,
        0.0005884354901284686
      ],
      "late_abel_weighted": [
        0.00015623819423541,
        0.0009544637550121573,
        0.0009642213519998901,
        0.0004636457840314643,
        0.00016853230959974416,
        6.374005524363781e-05,
        1.6185459064154324e-05,
        6.707704936964144e-06
      ],
      "shell_count": 8,
      "total_final": 0.0008471085735162046,
      "total_initial": 0.016798460357695118,
      "total_late_abel_weighted": 0.0027937346141234222
    },
    "v": {
      "final": [
        0.01594943493193921,
        0.06794206014962514,
        0.03245593945815046,
        0.007436227497495791,
        0.0015460279672087104,
        0.0003654006045575417,
        5.1142741939600766e-05,
        1.2368616052669238e-05
      ],
      "initial": [
        0.05686918176911296,
        0.3784565730679346,
        0.3188820121757635,
        0.07676131391185712,
        0.008118186047121022,
        0.028121826221613515,
        0.03682813699104143,
        0.022657850601330826
      ],
      "late_abel_weighted": [
        0.02635533854672962,
        0.12071270102738736,
        0.06385724925170463,
        0.014573707342125592,
        0.002636188003097476,
        0.0006897958351993817,
        0.000253079746578324,
        0.00010948822593370685
      ],
      "shell_count": 8,
      "total_final": 0.1257586019669691,
      "total_initial": 0.926695080785775,
      "total_late_abel_weighted": 0.2291875479787561
    }
  },
  "harness": "GrayScottTriadicDefectHarness",
  "params": {
    "dt": 1.0,
    "du": 0.16,
    "dv": 0.08,
    "f": 0.06,
    "grid": 16,
    "k": 0.062,
    "preset": "spots",
    "seed": 20260608,
    "steps": 24
  },
  "policy": {
    "lane": "P1 calibration only",
    "not_tested": [
      "Navier-Stokes Leray pressure",
      "vorticity stretching",
      "Lei-Ren-Tian angular condition",
      "Yang-Mills gauge quotient",
      "Clay authority"
    ],
    "quick_mode": false,
    "timeout_policy_seconds": 10
  },
  "promotion": false,
  "sibling_evidence": {
    "notes": [
      "Sibling Gray-Scott KRR scripts define gray_scott_step and simulate_gray_scott.",
      "Sibling outputs expose summaries/plots/CSV, but no u/v trajectory NPZ was discovered in the shallow Gray-Scott output scan."
    ],
    "present_gray_scott_artifacts": [
      "../dashifine/newtest/grayscott_krr.py",
      "../dashitest/dashifine/newtest/grayscott_krr.py",
      "../dashitest/docs/grayscott_quotient.md",
      "../dashitest/outputs/grayscott_krr_run1/run_summary.txt",
      "../dashitest/outputs/grayscott_krr/run_20260106_112335/run_summary.txt"
    ],
    "read_only_scan": true
  },
  "source": {
    "format": "built_in_simulator",
    "path": null
  },
  "triadic_sampling": {
    "abel_late_time_measure_proxy": {
      "angular_edges": [
        0.0,
        0.17453292519943295,
        0.3490658503988659,
        0.5235987755982988,
        0.6981317007977318,
        0.8726646259971648,
        1.0471975511965976,
        1.2217304763960306,
        1.3962634015954636,
        1.5707963267948966,
        1.7453292519943295,
        1.9198621771937625,
        2.0943951023931953,
        2.2689280275926285,
        2.443460952792061,
        2.6179938779914944,
        2.792526803190927,
        2.96705972839036,
        3.141592653589793
      ],
      "angular_histogram": [
        56.26317433009077,
        11.46694998756993,
        14.98878813620789,
        7.369296972226836,
        34.648828857232346,
        13.20315371668507,
        27.674495813078774,
        12.129084437067926,
        0.12132469645545643,
        46.863725238492016,
        17.282018376026894,
        17.01809425387201,
        5.828639017064415,
        41.40674053006775,
        4.7926616514736535,
        18.37970412639356,
        9.71628517207498,
        0.119042393142421
      ],
      "coherent_mass_fraction": 0.42601109674874493,
      "entropy": 2.543545881480619,
      "entropy_normalized": 0.8800064817032422
    },
    "angle_bins": 18,
    "coherent_bins": 3,
    "direction_residual": {
      "mean": 0.07446005499952903,
      "median": 0.023812939816047263,
      "p95": 0.29289321881345254
    },
    "frame_reports": [
      {
        "accepted_triads": 64,
        "coherence": 0.0871415639199508,
        "t": 8,
        "weighted_mass": 66.83681025938586
      },
      {
        "accepted_triads": 64,
        "coherence": 0.15179187773653027,
        "t": 13,
        "weighted_mass": 96.9608610798929
      },
      {
        "accepted_triads": 63,
        "coherence": 0.11694035730648547,
        "t": 18,
        "weighted_mass": 90.93494774536784
      },
      {
        "accepted_triads": 63,
        "coherence": 0.1210798408291962,
        "t": 23,
        "weighted_mass": 84.53938862057615
      }
    ],
    "frames_used": [
      8,
      13,
      18,
      23
    ],
    "leakage_proxy": 0.5739889032512551,
    "pattern_coherence_proxy": 0.02536686529552729,
    "rejected_zero_output": 2,
    "top_output_bins": [
      {
        "angle_center": 0.08726646259971647,
        "bin": 0,
        "mass": 56.26317433009077
      },
      {
        "angle_center": 1.658062789394613,
        "bin": 9,
        "mass": 46.863725238492016
      },
      {
        "angle_center": 2.356194490192345,
        "bin": 13,
        "mass": 41.40674053006775
      }
    ],
    "triad_candidates": 256,
    "triads_accepted": 254,
    "weighted_mass": 339.2720077052227,
    "zero_mode_proxy": {
      "all_output_width": 0.12186934340514737,
      "output_width": 0.7071067811865475,
      "triads": 69,
      "weighted_mass": 97.18710497105397,
      "weighted_mass_fraction": 0.28645777654458077
    }
  }
}
