{"cases": [{"diverged": false, "final_value": 2.5324604158777717e-37, "initial_data": 0.22222222222222227, "max_ratio": 0.804737854124365, "max_value": 0.22222222222222227, "min_ratio": 2.5324604158777717e-22, "min_value": 2.5324604158777717e-37, "monotone_nonincreasing": true, "name": "good_far_below_threshold", "scale_radii_prefix": [1.0, 0.5, 0.25, 0.125, 0.0625, 0.03125, 0.015625, 0.0078125, 0.00390625, 0.001953125], "step_count": 80, "strictly_contracting": true, "tends_to_zero": true, "value_prefix": [0.22222222222222227, 0.17883063424985893, 0.13523477392679656, 0.09480987367930108, 0.06079640043356452, 0.0352559903330497, 0.018371865508223718, 0.008614130269809936, 0.003670874335356046, 0.0014460347611952133]}, {"diverged": false, "final_value": 6.188248442005277e-33, "initial_data": 0.4222222222222223, "max_ratio": 0.9831196229872643, "max_value": 0.4222222222222223, "min_ratio": 6.188248442005277e-18, "min_value": 6.188248442005277e-33, "monotone_nonincreasing": true, "name": "good_near_threshold", "scale_radii_prefix": [1.0, 0.5, 0.25, 0.125, 0.0625, 0.03125, 0.015625, 0.0078125, 0.00390625, 0.001953125], "step_count": 80, "strictly_contracting": true, "tends_to_zero": true, "value_prefix": [0.4222222222222223, 0.4150949519279561, 0.4058017905546409, 0.39377344852614354, 0.37835605133987904, 0.35884796411262126, 0.3345799856735193, 0.3050573930338812, 0.27017509993508637, 0.2304909810754439]}, {"diverged": true, "final_value": 10.0, "initial_data": 0.4666666666666668, "max_ratio": 2.2059470720548306, "max_value": 10.0, "min_ratio": 1.0164633843973065, "min_value": 0.4666666666666668, "monotone_nonincreasing": false, "name": "bad_near_threshold", "scale_radii_prefix": [1.0, 0.5, 0.25, 0.125, 0.0625, 0.03125, 0.015625, 0.0078125, 0.00390625, 0.001953125], "step_count": 80, "strictly_contracting": false, "tends_to_zero": false, "value_prefix": [0.4666666666666668, 0.4743495793854099, 0.4848155073498396, 0.49917587677270725, 0.5190715951217966, 0.5469974226381114, 0.5868877973778808, 0.6452358054833524, 0.7333744010929566, 0.8725000352188796]}, {"diverged": true, "final_value": 10.0, "initial_data": 0.6666666666666667, "max_ratio": 2.0128237059645238, "max_value": 10.0, "min_ratio": 1.1498299142610593, "min_value": 0.6666666666666667, "monotone_nonincreasing": false, "name": "bad_far_above_threshold", "scale_radii_prefix": [1.0, 0.5, 0.25, 0.125, 0.0625, 0.03125, 0.015625, 0.0078125, 0.00390625, 0.001953125], "step_count": 80, "strictly_contracting": false, "tends_to_zero": false, "value_prefix": [0.6666666666666667, 0.7665532761740397, 0.9266583654270819, 1.2009161538452426, 1.7163452043001601, 2.8206879117608556, 5.6775474959198196, 10.0]}], "formal_model": {"C": "scripts/ns_a8_scale_monotonicity_harness.py", "F": "Gap remains theorem-level PDE justification of the modeled recursion.", "G": "All promotion flags false; this artifact cannot certify A8, A9, NS Clay, or terminal authority.", "L": "diagnostic harness -> local validation -> optional manifest integration; no theorem promotion.", "O": "Single-file diagnostic harness for NS A8 recursion; no downstream proof authority.", "P": "Model q, threshold, and scale iteration directly with configurable parameters.", "R": "Exercise the A8 scale-monotonicity recursion and the theta=1/2, C*M<=1/8 special case.", "S": "Finite recursion only; no PDE transport, no CKN proof, no Clay closure."}, "harness": "ns_a8_scale_monotonicity_harness", "parameters": {"C_const": 1.0, "M": 0.125, "alpha": 0.5, "quick": true, "steps": 80, "theta": 0.5}, "promotion": {"a8_proved": false, "clay_ns": false, "terminal": false}, "recursion": {"c_times_m": 0.125, "divergence_cap": 10.0, "equation": "D_next <= q * D + C * D^(1+alpha)", "q_formula": "(theta^2 + C*M) / (1 + C*M)", "q_less_than_one": true, "q_value": 0.3333333333333333, "threshold": 0.44444444444444453, "threshold_formula": "((1-q)/C)^(1/alpha)"}, "scope": "finite_recursion_diagnostic_not_ns_clay_proof", "special_case": {"C_const": 1.0, "M": 0.125, "assumption_c_times_m_leq_one_eighth": true, "c_times_m": 0.125, "q_leq_one_third": true, "q_value": 0.3333333333333333, "theta": 0.5}, "summary": {"bad_cases_fail_to_decay": true, "good_cases_decay_to_zero": true, "iterates_to_zero_for_admissible_starts": true, "special_case_claim_holds": true}}
