{
  "any_profile_positive_mean_after_penalty": true,
  "clay_promotion": false,
  "harness": "ns_typeI_selfsimilar_kappa_bias_harness",
  "interpretation": "positive proxy bias marks a PDE target requiring real Type-I/Abel measure control; negative proxy bias does not prove NS regularity",
  "ok": true,
  "pde_promotion": false,
  "penalty_scale": 0.08,
  "positive_mean_profiles_after_penalty": [
    "forward_bias"
  ],
  "profile": "all",
  "profiles": {
    "depleted": {
      "accepted_samples": 512,
      "attempts": 512,
      "clay_promotion": false,
      "creates_any_positive_after_penalty": false,
      "creates_positive_mean_after_penalty": false,
      "max_net_bias": -0.013126287915380246,
      "mean_kappa_sq": 0.09781885423411955,
      "mean_lambda": 0.4181859098354865,
      "mean_net_bias_after_penalty": -0.14217385417405576,
      "mean_penalty": 0.016015304039253643,
      "mean_raw_bias": -0.17003752659830199,
      "mean_weighted_bias": -0.12615855013480212,
      "net_bias_q50": -0.15058841543873605,
      "net_bias_q90": -0.05827471729236848,
      "net_bias_q99": -0.02419694386132338,
      "pde_promotion": false,
      "positive_net_bias_fraction": 0.0,
      "positive_weighted_bias_fraction": 0.0,
      "profile": "depleted",
      "shell_summaries": [
        {
          "amplitude": 0.8269380237931788,
          "count": 67,
          "drift_weight": 0.16940087185465752,
          "index": 0,
          "mean_net_bias": -0.12198311266655545,
          "mean_weighted_bias": -0.11172450220538648,
          "normalized_diffusion": 0.018121301775147924,
          "positive_net_fraction": 0.0,
          "radius": 0.3499999999999999,
          "slope": 0.33880174370931504
        },
        {
          "amplitude": 0.9112236763625784,
          "count": 69,
          "drift_weight": 0.12399529084864871,
          "index": 1,
          "mean_net_bias": -0.16154619546490923,
          "mean_weighted_bias": -0.1511748375539429,
          "normalized_diffusion": 0.03213804684908731,
          "positive_net_fraction": 0.0,
          "radius": 0.4661042766375676,
          "slope": 0.24799058169729743
        },
        {
          "amplitude": 0.9531921999616614,
          "count": 87,
          "drift_weight": 0.02964557649230595,
          "index": 2,
          "mean_net_bias": -0.16296976893631693,
          "mean_weighted_bias": -0.15667208724840007,
          "normalized_diffusion": 0.0569966809277806,
          "positive_net_fraction": 0.0,
          "radius": 0.620723419142372,
          "slope": 0.0592911529846119
        },
        {
          "amplitude": 0.9427106604729674,
          "count": 100,
          "drift_weight": -0.07353057226414579,
          "index": 3,
          "mean_net_bias": -0.16275287442072667,
          "mean_weighted_bias": -0.1503384752171147,
          "normalized_diffusion": 0.10108335618645375,
          "positive_net_fraction": 0.0,
          "radius": 0.826633829346723,
          "slope": -0.14706114452829158
        },
        {
          "amplitude": 0.8761677073513722,
          "count": 75,
          "drift_weight": -0.1889891084750883,
          "index": 4,
          "mean_net_bias": -0.14837761346570916,
          "mean_weighted_bias": -0.12576144648359994,
          "normalized_diffusion": 0.17927087562983374,
          "positive_net_fraction": 0.0,
          "radius": 1.1008501802051338,
          "slope": -0.3779782169501766
        },
        {
          "amplitude": 0.7591473244563468,
          "count": 56,
          "drift_weight": -0.3189682902308625,
          "index": 5,
          "mean_net_bias": -0.12405371957739941,
          "mean_weighted_bias": -0.09468964266411697,
          "normalized_diffusion": 0.317936088210278,
          "positive_net_fraction": 0.0,
          "radius": 1.4660313626595711,
          "slope": -0.637936580461725
        },
        {
          "amplitude": 0.6079241942229169,
          "count": 42,
          "drift_weight": -0.4619799932961932,
          "index": 6,
          "mean_net_bias": -0.09514382519444471,
          "mean_weighted_bias": -0.06481415317361819,
          "normalized_diffusion": 0.5638582164075276,
          "positive_net_fraction": 0.0,
          "radius": 1.9523528223440778,
          "slope": -0.9239599865923864
        },
        {
          "amplitude": 0.4471127166496049,
          "count": 16,
          "drift_weight": -0.5362390354105744,
          "index": 7,
          "mean_net_bias": -0.05927687483857031,
          "mean_weighted_bias": -0.034708138060059145,
          "normalized_diffusion": 1.0,
          "positive_net_fraction": 0.0,
          "radius": 2.5999999999999996,
          "slope": -1.0724780708211488
        }
      ]
    },
    "forward_bias": {
      "accepted_samples": 512,
      "attempts": 512,
      "clay_promotion": false,
      "creates_any_positive_after_penalty": true,
      "creates_positive_mean_after_penalty": true,
      "max_net_bias": 0.22595808913905346,
      "mean_kappa_sq": 0.8355611036889826,
      "mean_lambda": 0.41110774759928465,
      "mean_net_bias_after_penalty": 0.09121480432946777,
      "mean_penalty": 0.028666028059690637,
      "mean_raw_bias": 0.13929179008687412,
      "mean_weighted_bias": 0.1198808323891584,
      "net_bias_q50": 0.0913257237357617,
      "net_bias_q90": 0.19149335275596308,
      "net_bias_q99": 0.2222552946931605,
      "pde_promotion": false,
      "positive_net_bias_fraction": 0.884765625,
      "positive_weighted_bias_fraction": 1.0,
      "profile": "forward_bias",
      "shell_summaries": [
        {
          "amplitude": 0.7027807198086017,
          "count": 36,
          "drift_weight": 0.22618512223014048,
          "index": 0,
          "mean_net_bias": 0.06790248645292339,
          "mean_weighted_bias": 0.07755553634379322,
          "normalized_diffusion": 0.018121301775147924,
          "positive_net_fraction": 0.9722222222222222,
          "radius": 0.3499999999999999,
          "slope": 0.45237024446028096
        },
        {
          "amplitude": 0.8000212118438438,
          "count": 59,
          "drift_weight": 0.20040226205051911,
          "index": 1,
          "mean_net_bias": 0.07065046022659456,
          "mean_weighted_bias": 0.08255715542454091,
          "normalized_diffusion": 0.03213804684908731,
          "positive_net_fraction": 0.8983050847457628,
          "radius": 0.4661042766375676,
          "slope": 0.40080452410103823
        },
        {
          "amplitude": 0.8842031606452568,
          "count": 52,
          "drift_weight": 0.14883654169127622,
          "index": 2,
          "mean_net_bias": 0.0861457869856892,
          "mean_weighted_bias": 0.09901967083676597,
          "normalized_diffusion": 0.0569966809277806,
          "positive_net_fraction": 0.9423076923076923,
          "radius": 0.620723419142372,
          "slope": 0.29767308338255244
        },
        {
          "amplitude": 0.9487931077855625,
          "count": 75,
          "drift_weight": 0.0972708213320332,
          "index": 3,
          "mean_net_bias": 0.11987959773491044,
          "mean_weighted_bias": 0.13416440486427603,
          "normalized_diffusion": 0.10108335618645375,
          "positive_net_fraction": 0.9466666666666667,
          "radius": 0.826633829346723,
          "slope": 0.1945416426640664
        },
        {
          "amplitude": 0.9884617693591653,
          "count": 77,
          "drift_weight": 0.045705100972790166,
          "index": 4,
          "mean_net_bias": 0.11584968904262004,
          "mean_weighted_bias": 0.13343483131569336,
          "normalized_diffusion": 0.17927087562983374,
          "positive_net_fraction": 0.9090909090909091,
          "radius": 1.1008501802051338,
          "slope": 0.09141020194558033
        },
        {
          "amplitude": 0.9998092023175663,
          "count": 73,
          "drift_weight": -0.0058606193864526555,
          "index": 5,