C0,beta_convergence_r_eq_1,beta_absorption_r_eq_0_5,beta_strong_r_eq_0_25,gap_from_beta6_to_absorption
0.5,7.242822183865157,10.107066731633527,12.971311279401895,4.107066731633527
0.75,8.918297837204681,11.782542384973048,14.646786932741417,5.782542384973048
1.0,10.107066731633527,12.971311279401895,15.835555827170264,6.971311279401895
1.25,11.029147522188113,13.893392069956482,16.75763661772485,7.893392069956482
1.5,11.782542384973048,14.646786932741417,17.511031480509786,8.646786932741417
2.0,12.971311279401895,15.835555827170264,18.699800374938636,9.835555827170264
3.0,14.646786932741417,17.511031480509786,20.375276028278154,11.511031480509786
5.0,16.75763661772485,19.62188116549322,22.486125713261586,13.621881165493221
