k,anisotropic_factor_relative_to_c_local_squared,isotropic_factor_relative_to_c_local_squared,ratio_to_isotropic_4c_squared,uniform_bound_factor
0,3,4.0,0.75,3.0
1,1.5,4.0,0.375,3.0
2,0.75,4.0,0.1875,3.0
3,0.375,4.0,0.09375,3.0
4,0.1875,4.0,0.046875,3.0
5,0.09375,4.0,0.0234375,3.0
6,0.046875,4.0,0.01171875,3.0
7,0.0234375,4.0,0.005859375,3.0
8,0.01171875,4.0,0.0029296875,3.0
9,0.005859375,4.0,0.00146484375,3.0
10,0.0029296875,4.0,0.000732421875,3.0
11,0.00146484375,4.0,0.0003662109375,3.0
12,0.000732421875,4.0,0.00018310546875,3.0
