{
  "script": "scripts/ns_triad_kn_cross_shell_schur_symbolic_audit.py",
  "contract": "ns_triad_kn_cross_shell_schur_symbolic_audit",
  "schema_version": "1.0.0",
  "c0": 0.1111111111111111,
  "rows": [
    {
      "N": 16,
      "K": 15,
      "eta": 0.25,
      "mode_count": 35936,
      "edge_count": 12679308,
      "block_size": 11574,
      "G_size": 26,
      "C_size": 11548,
      "M_GG": {
        "label": "M_GG",
        "n": 26,
        "rank": 26,
        "nullity": 0,
        "lambda_min": 6.361768009616927e-05,
        "lambda_max": 0.010968833289255716,
        "norm": 0.010968833289255716,
        "psd_gap": 6.361768009616927e-05
      },
      "M_GC_norm": 0.003326426191199177,
      "M_CC": {
        "label": "M_CC",
        "n": 11548,
        "rank": null,
        "nullity": null,
        "nullity_estimate": 0,
        "lambda_min": 1.0372111139277084e-06,
        "lambda_max": null,
        "norm": null,
        "psd_gap": 1.0372111139277084e-06,
        "bottom_eigs": [
          1.0372111139277084e-06,
          7.449966849516492e-06,
          7.910542474512446e-06
        ],
        "evaluation_method": "eigsh"
      },
      "M_CC_worst_eigenvector_support": {
        "support": {
          "15": 0.4682971817644171,
          "16": 0.531702818235583
        },
        "lambda_min": 1.0372111139277084e-06,
        "bottom_eigs": [
          1.0372111139277084e-06,
          7.449966849516492e-06,
          7.910542474512446e-06
        ],
        "evaluation_method": "eigsh"
      },
      "S_C": {
        "label": "S_C",
        "n": 11548,
        "rank": 11547,
        "nullity": 1,
        "nullity_estimate": 1,
        "lambda_min": -1.4120222438145083e-18,
        "lambda_max": null,
        "norm": null,
        "psd_gap": -1.4120222438145083e-18,
        "bottom_eigs": [
          -1.4120222438145083e-18,
          7.449612011616601e-06,
          7.910530423333622e-06
        ],
        "evaluation_method": "eigsh"
      },
      "correction_norm": 0.0010093043340418267,
      "S_C_worst_eigenvector_support": {
        "support": {
          "15": 0.46778662971942087,
          "16": 0.5322133702805794
        },
        "lambda_min": -1.4120222438145083e-18
      },
      "null_vector_diagnostics": {
        "corr_constant": -1.0,
        "corr_shell_15": -0.6839492888507311,
        "corr_shell_16": -0.7295295540830264,
        "shell_mass": {
          "15": 0.46778662971942087,
          "16": 0.5322133702805794
        },
        "corr_shell_balance": 0.06442674056114728,
        "corr_sqrt_degree": -0.9647140380370266,
        "corr_inv_degree": -0.9567767074634174,
        "corr_degree_weighted_balance": 0.02679727018807145
      },
      "row_sum_diagnostics": {
        "n": 11548,
        "max_abs_row_sum": 4.477754972365133e-16,
        "l2_row_sum": 8.485908934493825e-16,
        "mean_row_sum": 4.713606864815559e-20
      },
      "effective_laplacian_sign_diagnostics": {
        "audit_requested": true,
        "dense_audit_available": false,
        "route_verdict": "signed_psd_required"
      },
      "signed_factorization_diagnostics": null,
      "domination_ratio_matrix_free_diagnostics": {
        "audit_requested": true,
        "dense_audit_available": false,
        "matrix_free_requested": true,
        "status": "ok",
        "decomposition": "S_C = L_good - L_bad",
        "row_chunk": 192,
        "regularization_eps": 1e-08,
        "L_good_lambda1_one_perp": 1.9672231309619246e-05,
        "L_good_lambda1_one_perp_regularized": 1.9682231309619247e-05,
        "L_bad_lambda_max_one_perp": 0.0050535414847842925,
        "domination_ratio_sup_one_perp": 0.5811854862220734,
        "domination_ratio_residual_norm": 7.738833993769649e-07,
        "domination_ratio_solver_residual_norm": 3.4801708942807225e-05,
        "L_good_solver_residual_norm": 5.641721761575833e-06,
        "L_bad_solver_residual_norm": 4.686418165404962e-09,
        "domination_holds_strictly_observed": true,
        "worst_eigenvector_diagnostics": {
          "shell_mass": {
            "15": 0.4822743597747399,
            "16": 0.5177256402252599
          },
          "constant_correlation": 3.615970565119525e-18,
          "degree_correlation": -0.03122133920296312,
          "sqrt_degree_correlation": -0.010033757093961,
          "shell_value_correlation": 2.315362826630911e-05,
          "axis_concentration": 0.00022659126922442785,
          "nonaxis_concentration": 0.9997734087307755,
          "sign_pattern_mass": {
            "+++": 0.11252910866179952,
            "++-": 0.11472087450583433,
            "++0": 0.004555549048722553,
            "+-+": 0.13519168634171314,
            "+--": 0.11783930158129532,
            "+-0": 0.004559515605280397,
            "+0+": 0.002219992656250697,
            "+0-": 0.0026101505857582747,
            "+00": 5.701523430329901e-05,
            "-++": 0.11108256081960056,
            "-+-": 0.11514087553761107,
            "-+0": 0.005749305191520783,
            "--+": 0.10277428952069069,
            "---": 0.11335608126073483,
            "--0": 0.005012525479000829,
            "-0+": 0.04285490633599757,
            "-0-": 0.002867091499175181,
            "-00": 3.207387309153709e-05,
            "0++": 0.0012678570627117475,
            "0+-": 0.000964213368232796,
            "0+0": 1.8341091192729928e-05,
            "0-+": 0.001481888189677124,
            "0--": 0.0029956354791679323,
            "0-0": 2.2265922877844374e-05,
            "00+": 5.090745310507655e-05,
            "00-": 4.59876946539409e-05
          },
          "top_modes": [
            {
              "rank": 1,
              "mode": [
                -1,
                0,
                15
              ],
              "shell": 15,
              "value": 0.19711007155046376,
              "abs_value": 0.19711007155046376,
              "mass": 0.03885238030662894,
              "is_axis": false
            },
            {
              "rank": 2,
              "mode": [
                1,
                -7,
                16
              ],
              "shell": 16,
              "value": 0.1861485995446189,
              "abs_value": 0.1861485995446189,
              "mass": 0.03465130111242289,
              "is_axis": false
            },
            {
              "rank": 3,
              "mode": [
                15,
                -12,
                -9
              ],
              "shell": 15,
              "value": 0.06369809192878112,
              "abs_value": 0.06369809192878112,
              "mass": 0.00405744691536745,
              "is_axis": false
            },
            {
              "rank": 4,
              "mode": [
                -15,
                11,
                6
              ],
              "shell": 15,
              "value": 0.0630792477516958,
              "abs_value": 0.0630792477516958,
              "mass": 0.003978991496919819,
              "is_axis": false
            },
            {
              "rank": 5,
              "mode": [
                12,
                15,
                -15
              ],
              "shell": 15,
              "value": 0.052592602620819606,
              "abs_value": 0.052592602620819606,
              "mass": 0.0027659818504314412,
              "is_axis": false
            },
            {
              "rank": 6,
              "mode": [
                -12,
                -16,
                12
              ],
              "shell": 16,
              "value": 0.052565890619588516,
              "abs_value": 0.052565890619588516,
              "mass": 0.0027631728566305438,
              "is_axis": false
            },
            {
              "rank": 7,
              "mode": [
                16,
                -6,
                -4
              ],
              "shell": 16,
              "value": 0.05185558462258836,
              "abs_value": 0.05185558462258836,