{"beta":0.0,"beta_source":"archive","boundary_cell_count":370,"boundary_component_count":4,"component_count":20380,"domain_length":6.283185307179586,"extremal_cells":{"min_g12":{"adjacent_component_ids":[2,16531],"component_id":null,"in_component_set":false,"index":[105,10,61],"value":1.421602960869846},"min_rho":{"adjacent_component_ids":[2],"component_id":2,"in_component_set":true,"index":[77,106,124],"value":0.23098019784845852},"same_component":null},"focus_components":[{"bbox_diameter_cells":128.0,"bbox_diameter_physical":6.283185307179586,"bbox_index_max":[127,127,127],"bbox_index_min":[0,0,0],"boundary_cell_count":162,"boundary_g12_max":31.30428089278447,"boundary_g12_mean":12.991314622848991,"boundary_g12_min":2.0907661810286142,"boundary_grad_lambda2_max":238.880479422061,"boundary_grad_lambda2_mean":106.33900014680171,"boundary_grad_lambda2_min":11.398323265782162,"boundary_rho_max":1273.7781137263587,"boundary_rho_mean":329.621159661838,"boundary_rho_min":0.23098019784845852,"boundary_stats":{"boundary_cell_count":162,"g12_max":31.30428089278447,"g12_mean":12.991314622848991,"g12_min":2.0907661810286142,"rho_max":1273.7781137263587,"rho_mean":329.621159661838,"rho_min":0.23098019784845852},"cell_count":984827,"component_id":2,"gradient_stats":{"grad_lambda2_max":238.880479422061,"grad_lambda2_mean":106.33900014680171,"grad_lambda2_min":11.398323265782162},"volume_cells":984827,"volume_physical":116.4849031228242,"volume_stats":{"bbox_diameter_cells":128.0,"bbox_diameter_physical":6.283185307179586,"bbox_index_max":[127,127,127],"bbox_index_min":[0,0,0],"cell_count":984827,"volume_cells":984827,"volume_physical":116.4849031228242}}],"grid_spacing":0.04908738521234052,"input":"scripts/data/outputs/ns_boundary_component_frame10/ns_boundary_derived_N128_frame10_20260618.npz","lambda2_band":0.001,"min_g12_component":null,"min_rho_component":{"bbox_diameter_cells":128.0,"bbox_diameter_physical":6.283185307179586,"bbox_index_max":[127,127,127],"bbox_index_min":[0,0,0],"boundary_cell_count":162,"boundary_g12_max":31.30428089278447,"boundary_g12_mean":12.991314622848991,"boundary_g12_min":2.0907661810286142,"boundary_grad_lambda2_max":238.880479422061,"boundary_grad_lambda2_mean":106.33900014680171,"boundary_grad_lambda2_min":11.398323265782162,"boundary_rho_max":1273.7781137263587,"boundary_rho_mean":329.621159661838,"boundary_rho_min":0.23098019784845852,"boundary_stats":{"boundary_cell_count":162,"g12_max":31.30428089278447,"g12_mean":12.991314622848991,"g12_min":2.0907661810286142,"rho_max":1273.7781137263587,"rho_mean":329.621159661838,"rho_min":0.23098019784845852},"cell_count":984827,"component_id":2,"gradient_stats":{"grad_lambda2_max":238.880479422061,"grad_lambda2_mean":106.33900014680171,"grad_lambda2_min":11.398323265782162},"volume_cells":984827,"volume_physical":116.4849031228242,"volume_stats":{"bbox_diameter_cells":128.0,"bbox_diameter_physical":6.283185307179586,"bbox_index_max":[127,127,127],"bbox_index_min":[0,0,0],"cell_count":984827,"volume_cells":984827,"volume_physical":116.4849031228242}},"producer":"scripts/ns_boundary_derived_tensor_archive.py","same_component":null,"scale_source":"grid_spacing","script":"scripts/ns_boundary_component_diagnostic.py","shape":[128,128,128],"status":"ok","strict":true,"top_components":[{"bbox_diameter_cells":128.0,"bbox_diameter_physical":6.283185307179586,"bbox_index_max":[127,127,127],"bbox_index_min":[0,0,0],"boundary_cell_count":162,"boundary_g12_max":31.30428089278447,"boundary_g12_mean":12.991314622848991,"boundary_g12_min":2.0907661810286142,"boundary_grad_lambda2_max":238.880479422061,"boundary_grad_lambda2_mean":106.33900014680171,"boundary_grad_lambda2_min":11.398323265782162,"boundary_rho_max":1273.7781137263587,"boundary_rho_mean":329.621159661838,"boundary_rho_min":0.23098019784845852,"boundary_stats":{"boundary_cell_count":162,"g12_max":31.30428089278447,"g12_mean":12.991314622848991,"g12_min":2.0907661810286142,"rho_max":1273.7781137263587,"rho_mean":329.621159661838,"rho_min":0.23098019784845852},"cell_count":984827,"component_id":2,"gradient_stats":{"grad_lambda2_max":238.880479422061,"grad_lambda2_mean":106.33900014680171,"grad_lambda2_min":11.398323265782162},"volume_cells":984827,"volume_physical":116.4849031228242,"volume_stats":{"bbox_diameter_cells":128.0,"bbox_diameter_physical":6.283185307179586,"bbox_index_max":[127,127,127],"bbox_index_min":[0,0,0],"cell_count":984827,"volume_cells":984827,"volume_physical":116.4849031228242}},{"bbox_diameter_cells":6.0,"bbox_diameter_physical":0.2945243112740431,"bbox_index_max":[127,5,2],"bbox_index_min":[124,0,0],"boundary_cell_count":0,"boundary_g12_max":null,"boundary_g12_mean":null,"boundary_g12_min":null,"boundary_grad_lambda2_max":null,"boundary_grad_lambda2_mean":null,"boundary_grad_lambda2_min":null,"boundary_rho_max":null,"boundary_rho_mean":null,"boundary_rho_min":null,"boundary_stats":{"boundary_cell_count":0,"g12_max":null,"g12_mean":null,"g12_min":null,"rho_max":null,"rho_mean":null,"rho_min":null},"cell_count":26,"component_id":19587,"gradient_stats":{"grad_lambda2_max":null,"grad_lambda2_mean":null,"grad_lambda2_min":null},"volume_cells":26,"volume_physical":0.0030752685306083497,"volume_stats":{"bbox_diameter_cells":6.0,"bbox_diameter_physical":0.2945243112740431,"bbox_index_max":[127,5,2],"bbox_index_min":[124,0,0],"cell_count":26,"volume_cells":26,"volume_physical":0.0030752685306083497}},{"bbox_diameter_cells":5.0,"bbox_diameter_physical":0.2454369260617026,"bbox_index_max":[52,9,4],"bbox_index_min":[50,5,0],"boundary_cell_count":0,"boundary_g12_max":null,"boundary_g12_mean":null,"boundary_g12_min":null,"boundary_grad_lambda2_max":null,"boundary_grad_lambda2_mean":null,"boundary_grad_lambda2_min":null,"boundary_rho_max":null,"boundary_rho_mean":null,"boundary_rho_min":null,"boundary_stats":{"boundary_cell_count":0,"g12_max":null,"g12_mean":null,"g12_min":null,"rho_max":null,"rho_mean":null,"rho_min":null},"cell_count":20,"component_id":8047,"gradient_stats":{"grad_lambda2_max":null,"grad_lambda2_mean":null,"grad_lambda2_min":null},"volume_cells":20,"volume_physical":0.0023655911773910383,"volume_stats":{"bbox_diameter_cells":5.0,"bbox_diameter_physical":0.2454369260617026,"bbox_index_max":[52,9,4],"bbox_index_min":[50,5,0],"cell_count":20,"volume_cells":20,"volume_physical":0.0023655911773910383}},{"bbox_diameter_cells":5.0,"bbox_diameter_physical":0.2454369260617026,"bbox_index_max":[127,15,78],"bbox_index_min":[124,12,74],"boundary_cell_count":0,"boundary_g12_max":null,"boundary_g12_mean":null,"boundary_g12_min":null,"boundary_grad_lambda2_max":null,"boundary_grad_lambda2_mean":null,"boundary_grad_lambda2_min":null,"boundary_rho_max":null,"boundary_rho_mean":null,"boundary_rho_min":null,"boundary_stats":{"boundary_cell_count":0,"g12_max":null,"g12_mean":null,"g12_min":null,"rho_max":null,"rho_mean":null,"rho_min":null},"cell_count":19,"component_id":19607,"gradient_stats":{"grad_lambda2_max":null,"grad_lambda2_mean":null,"grad_lambda2_min":null},"volume_cells":19,"volume_physical":0.0022473116185214863,"volume_stats":{"bbox_diameter_cells":5.0,"bbox_diameter_physical":0.2454369260617026,"bbox_index_max":[127,15,78],"bbox_index_min":[124,12,74],"cell_count":19,"volume_cells":19,"volume_physical":0.0022473116185214863}},{"bbox_diameter_cells":5.0,"bbox_diameter_physical":0.2454369260617026,"bbox_index_max":[17,84,1],"bbox_index_min":[13,81,0],"boundary_cell_count":0,"boundary_g12_max":null,"boundary_g12_mean":null,"boundary_g12_min":null,"boundary_grad_lambda2_max":null,"boundary_grad_lambda2_mean":null,"boundary_grad_lambda2_min":null,"boundary_rho_max":null,"boundary_rho_mean":null,"boundary_rho_min":null,"boundary_stats":{"boundary_cell_count":0,"g12_max":null,"g12_mean":null,"g12_min":null,"rho_max":null,"rho_mean":null,"rho_min":null},"cell_count":16,"component_id":2391,"gradient_stats":{"grad_lambda2_max":null,"grad_lambda2_mean":null,"grad_lambda2_min":null},"volume_cells":16,