{"authority":{"candidate_only":true,"clay_authority":false,"empirical_non_promoting":true,"promoted":false,"runtime_authority":false,"theorem_authority":false,"truth_authority":false},"beta":0.0,"beta_source":"archive","boundary_Bk_stats":{"max":886058.9026271588,"mean":166468.43880859134,"min":159.61187729852742,"sum":26967887.086991794},"boundary_cell_count":162,"boundary_g12_stats":{"max":31.30428089278447,"mean":12.991314622848991,"min":2.0907661810286142,"sum":2104.5929689015366},"boundary_grad_lambda2_stats":{"max":238.880479422061,"mean":107.52686445933367,"min":11.398323265782162,"sum":17419.352042412054},"boundary_mask_source":"component_absolute_lambda2_band","boundary_rho_stats":{"max":1273.7781137263587,"mean":329.621159661838,"min":0.23098019784845852,"sum":53398.62786521776},"c_empirical_proxy":8.688873662021036,"c_empirical_true":0.04974806822750822,"component_cell_count":984827,"component_count":20380,"component_id":2,"contract":"ns_boundary_korn_ratio_diagnostic","denominator_int_layer_grad_lambda2_squared_dx":7478.650469540277,"denominator_int_layer_true_dx":1306202.4598639284,"denominator_kind":"velocity_hessian_norm_squared","denominator_proxy_to_true_ratio":0.0057254910317037335,"domain_length":6.283185307179586,"grid_spacing":0.04908738521234052,"input":"/tmp/ns_boundary_derived_N128_frame10_hessian_20260618.npz","lambda2_band":0.001,"layer_cell_count":4798,"layer_grad_lambda2_squared_stats":{"max":421902.91203792166,"mean":13178.115095018424,"min":14.440390555323843,"sum":63228596.2258984},"layer_radius_cells":3,"layer_radius_physical":0.14726215563702155,"layer_thickness_physical":0.12058948018146154,"layer_true_denominator_stats":{"max":7807717.432995431,"mean":2301656.7525907056,"min":268476.8465027132,"sum":11043349098.930206},"notes":["denominator uses a true Hessian-norm field when available","result is empirical and non-promoting; it is not an analytic KornLevelSet proof"],"numerator_int_boundary_Bk_dH2":64981.04909224978,"requested_layer_radius_cells":2,"scale_source":"grid_spacing","script":"scripts/ns_boundary_korn_ratio_diagnostic.py","shape":[128,128,128],"status":"ok","strict":true,"surface_area_cell_scale":0.0024095713869847065,"volume_cell_scale":0.00011827955886955191}
