{"allow_missing_alpha":false,"authority":{"candidate_only":true,"clay_authority":false,"empirical_non_promoting":true,"promoted":false,"runtime_authority":false,"theorem_authority":false,"truth_authority":false},"bands":[0.0005,0.00025,0.0001],"component_id":2,"contract":"ns_boundary_band_sweep_diagnostic","errors":[],"frame":10,"input":"/tmp/ns_boundary_derived_N128_frame10_split_20260618.npz","rows":[{"alpha_omega_sq":0.5007562154411352,"alpha_strain_sq":0.4992437845588647,"antisym_denominator_kind":"antisym_hessian_norm_squared","authority":{"candidate_only":true,"clay_authority":false,"empirical_non_promoting":true,"promoted":false,"runtime_authority":false,"theorem_authority":false,"truth_authority":false},"band":0.0005,"beta":0.0,"beta_source":"archive","boundary_Bk_stats":{"max":669411.9601935963,"mean":155490.75845023798,"min":18326.12651990034,"sum":13527695.985170703},"boundary_cell_count":87,"boundary_g12_stats":{"max":27.977821636783922,"mean":13.058127611779268,"min":2.0907661810286142,"sum":1136.0571022247964},"boundary_mask_source":"component_absolute_lambda2_band","boundary_rho_stats":{"max":1233.0737948009253,"mean":338.88117515103505,"min":20.657673483503604,"sum":29482.66223814005},"c_empirical_true":0.04704359541408335,"component_cell_count":984827,"component_count":20380,"component_id":2,"denominator_int_layer_antisym_dx":346968.04113844933,"denominator_int_layer_strain_dx":345920.09572230227,"denominator_int_layer_velocity_hessian_norm_squared_dx":692888.1368607517,"denominator_kind":"velocity_hessian_norm_squared","domain_length":6.283185307179586,"errors":[],"grid_spacing":0.04908738521234052,"lambda2_band":0.0005,"layer_antisym_denominator_stats":{"max":4406829.413297253,"mean":1154904.4678974883,"min":80601.82045073884,"sum":2933457348.4596205},"layer_cell_count":2540,"layer_radius_cells":3,"layer_radius_physical":0.14726215563702155,"layer_strain_denominator_stats":{"max":3583953.9078383544,"mean":1151416.3171178089,"min":187875.02954473012,"sum":2924597445.4792347},"layer_thickness_cells":2.3799059120509183,"layer_thickness_override_physical":0.12058948018146154,"layer_thickness_physical":0.11682335827397004,"layer_true_denominator_stats":{"max":7322243.5617292,"mean":2306320.785015297,"min":268476.849995469,"sum":5858054793.938855},"min_g12":2.0907661810286142,"notes":["result is empirical and non-promoting; it is not an analytic KornLevelSet proof","alpha_strain_sq and alpha_omega_sq are layer integrals divided by velocity_hessian_norm_squared"],"numerator_int_boundary_Bk_dH2":32595.949177695216,"rho_mean":338.88117515103505,"rho_min":20.657673483503604,"scale_source":"grid_spacing","status":"ok","strain_denominator_kind":"strain_hessian_norm_squared","warnings":[]},{"alpha_omega_sq":0.5004356214562633,"alpha_strain_sq":0.49956437854373653,"antisym_denominator_kind":"antisym_hessian_norm_squared","authority":{"candidate_only":true,"clay_authority":false,"empirical_non_promoting":true,"promoted":false,"runtime_authority":false,"theorem_authority":false,"truth_authority":false},"band":0.00025,"beta":0.0,"beta_source":"archive","boundary_Bk_stats":{"max":527218.2992873117,"mean":139528.81740719394,"min":18326.12651990034,"sum":5441623.878880564},"boundary_cell_count":39,"boundary_g12_stats":{"max":23.759281124479486,"mean":13.407903413260025,"min":2.0907661810286142,"sum":522.908233117141},"boundary_mask_source":"component_absolute_lambda2_band","boundary_rho_stats":{"max":1131.9125022302132,"mean":316.9475592723229,"min":23.868830136803606,"sum":12360.954811620593},"c_empirical_true":0.04180143943317622,"component_cell_count":984827,"component_count":20380,"component_id":2,"denominator_int_layer_antisym_dx":156973.12216903115,"denominator_int_layer_strain_dx":156699.83682665488,"denominator_int_layer_velocity_hessian_norm_squared_dx":313672.9589956861,"denominator_kind":"velocity_hessian_norm_squared","domain_length":6.283185307179586,"errors":[],"grid_spacing":0.04908738521234052,"lambda2_band":0.00025,"layer_antisym_denominator_stats":{"max":4406829.413297253,"mean":1140151.6496571056,"min":80601.82045073884,"sum":1327136520.2008708},"layer_cell_count":1164,"layer_radius_cells":3,"layer_radius_physical":0.14726215563702155,"layer_strain_denominator_stats":{"max":2929917.2204988003,"mean":1138166.6809590764,"min":187875.02954473012,"sum":1324826016.636365},"layer_thickness_cells":2.3644466835111393,"layer_thickness_override_physical":0.12058948018146154,"layer_thickness_physical":0.11606450516755225,"layer_true_denominator_stats":{"max":7322243.5617292,"mean":2278318.330616182,"min":268476.849995469,"sum":2651962536.837236},"min_g12":2.0907661810286142,"notes":["result is empirical and non-promoting; it is not an analytic KornLevelSet proof","alpha_strain_sq and alpha_omega_sq are layer integrals divided by velocity_hessian_norm_squared"],"numerator_int_boundary_Bk_dH2":13111.98119728334,"rho_mean":316.9475592723229,"rho_min":23.868830136803606,"scale_source":"grid_spacing","status":"ok","strain_denominator_kind":"strain_hessian_norm_squared","warnings":[]},{"alpha_omega_sq":0.5035136652298564,"alpha_strain_sq":0.49648633477014364,"antisym_denominator_kind":"antisym_hessian_norm_squared","authority":{"candidate_only":true,"clay_authority":false,"empirical_non_promoting":true,"promoted":false,"runtime_authority":false,"theorem_authority":false,"truth_authority":false},"band":0.0001,"beta":0.0,"beta_source":"archive","boundary_Bk_stats":{"max":527218.2992873117,"mean":157492.18858196225,"min":31260.974678336228,"sum":2047398.4515655092},"boundary_cell_count":13,"boundary_g12_stats":{"max":19.59851486690655,"mean":12.646819403791694,"min":2.704803983140617,"sum":164.40865224929203},"boundary_mask_source":"component_absolute_lambda2_band","boundary_rho_stats":{"max":1131.9125022302132,"mean":357.10014157390066,"min":23.868830136803606,"sum":4642.301840460708},"c_empirical_true":0.048108231165891815,"component_cell_count":984827,"component_count":20380,"component_id":2,"denominator_int_layer_antisym_dx":51633.794323078364,"denominator_int_layer_strain_dx":50913.162966565986,"denominator_int_layer_velocity_hessian_norm_squared_dx":102546.95728964434,"denominator_kind":"velocity_hessian_norm_squared","domain_length":6.283185307179586,"errors":[],"grid_spacing":0.04908738521234052,"lambda2_band":0.0001,"layer_antisym_denominator_stats":{"max":4406829.413297253,"mean":1173495.4348869936,"min":80601.82045073884,"sum":436540301.7779616},"layer_cell_count":372,"layer_radius_cells":3,"layer_radius_physical":0.14726215563702155,"layer_strain_denominator_stats":{"max":2929917.2204988003,"mean":1157117.4479853855,"min":187875.02954473012,"sum":430447690.6505634},"layer_thickness_cells":2.4222058722859474,"layer_thickness_override_physical":0.12058948018146154,"layer_thickness_physical":0.1188997527164936,"layer_true_denominator_stats":{"max":7322243.5617292,"mean":2330612.882872379,"min":268476.849995469,"sum":866987992.428525},"min_g12":2.704803983140617,"notes":["result is empirical and non-promoting; it is not an analytic KornLevelSet proof","alpha_strain_sq and alpha_omega_sq are layer integrals divided by velocity_hessian_norm_squared"],"numerator_int_boundary_Bk_dH2":4933.352726649045,"rho_mean":357.10014157390066,"rho_min":23.868830136803606,"scale_source":"grid_spacing","status":"ok","strain_denominator_kind":"strain_hessian_norm_squared","warnings":[]}],"script":"scripts/ns_boundary_band_sweep_diagnostic.py","status":"ok","strict":true,"summary":{"alpha_omega_sq_max":0.5035136652298564,"alpha_omega_sq_mean":0.501568500709085,"alpha_omega_sq_min":0.5004356214562633,"alpha_strain_sq_max":0.49956437854373653,"alpha_strain_sq_mean":0.49843149929091496,"alpha_strain_sq_min":0.49648633477014364,"c_empirical_true_max":0.048108231165891815,"c_empirical_true_mean":0.045651088671050465,"c_empirical_true_min":0.04180143943317622,"layer_thickness_physical_max":0.1188997527164936,"layer_thickness_physical_mean":0.11726253871933863,