{
  "script": "scripts/ns_triad_kn_cross_shell_schur_symbolic_audit.py",
  "contract": "ns_triad_kn_cross_shell_schur_symbolic_audit",
  "schema_version": "1.0.0",
  "c0": 0.1111111111111111,
  "rows": [
    {
      "N": 10,
      "K": 9,
      "eta": 0.25,
      "mode_count": 9260,
      "edge_count": 3047778,
      "block_size": 4374,
      "G_size": 26,
      "C_size": 4348,
      "M_GG": {
        "label": "M_GG",
        "n": 26,
        "rank": 26,
        "nullity": 0,
        "lambda_min": 0.00013063931238785736,
        "lambda_max": 0.010880151303336978,
        "norm": 0.010880151303336978,
        "psd_gap": 0.00013063931238785736
      },
      "M_GC_norm": 0.003332046505763479,
      "M_CC": {
        "label": "M_CC",
        "n": 4348,
        "rank": null,
        "nullity": null,
        "nullity_estimate": 0,
        "lambda_min": 3.334350906469697e-06,
        "lambda_max": null,
        "norm": null,
        "psd_gap": 3.334350906469697e-06,
        "bottom_eigs": [
          3.334350906469697e-06,
          1.866112303544082e-05,
          1.9474526808452442e-05
        ],
        "evaluation_method": "eigsh"
      },
      "M_CC_worst_eigenvector_support": {
        "support": {
          "9": 0.44843738698846797,
          "10": 0.551562613011532
        },
        "lambda_min": 3.334350906469697e-06,
        "bottom_eigs": [
          3.334350906469697e-06,
          1.866112303544082e-05,
          1.9474526808452442e-05
        ],
        "evaluation_method": "eigsh"
      },
      "S_C": {
        "label": "S_C",
        "n": 4348,
        "rank": 4347,
        "nullity": 1,
        "nullity_estimate": 1,
        "lambda_min": 2.1748535103513495e-18,
        "lambda_max": null,
        "norm": null,
        "psd_gap": 2.1748535103513495e-18,
        "bottom_eigs": [
          2.1748535103513495e-18,
          1.8660171485554826e-05,
          1.947443127921976e-05
        ],
        "evaluation_method": "eigsh"
      },
      "correction_norm": 0.0010212436280953633,
      "S_C_worst_eigenvector_support": {
        "support": {
          "9": 0.44756209751609816,
          "10": 0.5524379024839017
        },
        "lambda_min": 2.1748535103513495e-18
      },
      "null_vector_diagnostics": {
        "corr_constant": 1.000000000000001,
        "corr_shell_9": 0.6690008202656392,
        "corr_shell_10": 0.743261664882497,
        "shell_mass": {
          "9": 0.44756209751609816,
          "10": 0.5524379024839017
        },
        "corr_shell_balance": -0.10487580496780241,
        "corr_sqrt_degree": 0.9749997325195389,
        "corr_inv_degree": 0.9541111888511722,
        "corr_degree_weighted_balance": -0.04672734153506847
      },
      "row_sum_diagnostics": {
        "n": 4348,
        "max_abs_row_sum": 2.786941684373989e-16,
        "l2_row_sum": 5.267292652723199e-16,
        "mean_row_sum": -1.7113894650236291e-19
      },
      "effective_laplacian_sign_diagnostics": null,
      "signed_factorization_diagnostics": null,
      "domination_ratio_matrix_free_diagnostics": null,
      "domination_ratio_restricted_sector_diagnostics": null,
      "domination_halo_growth_diagnostics": null,
      "domination_coarse_quotient_diagnostics": null,
      "domination_row_pairing_diagnostics": null,
      "Q_helical_lift_diagnostics": {
        "audit_requested": true,
        "status": "ok",
        "gpu_kn_authority": false,
        "helical_basis_constructed": true,
        "current_phase_Q_projected_into_helical_basis": true,
        "candidate_lift_only": true,
        "q_equals_waleffe_triad_operator_proved": false,
        "full_waleffe_eight_sector_available": false,
        "helical_channel_sector_count": 2,
        "note": "Current DASHI Q acts on scalar seam amplitudes. This audit builds a candidate canonical helical-channel lift and measures channel-block structure; it does not identify Q with a Waleffe triad operator.",
        "Q_scalar_trace": 2.652900189790054,
        "Q_scalar_fro_norm": 0.24423449931378208,
        "Q_helical_channel_block_fro_norms": {
          "++": 0.2381876348869459,
          "+-": 0.02198297450377794,
          "-+": 0.02198297450377794,
          "--": 0.2381876348869459
        },
        "Q_helical_block_offdiag_to_total_fro_ratio": 0.1272900461314574,
        "Q_helical_block_diag_to_total_fro_ratio": 1.3791998452025471,
        "Q_helical_channel_gram_symmetry_defect_fro": {
          "++": 3.646420192969525e-15,
          "+-": 3.843419192033367e-15,
          "-+": 3.843419192033367e-15,
          "--": 3.646420192969525e-15
        },
        "waleffe_helical_basis_relevant_observed": true,
        "q_helical_block_diagonalization_observed": false,
        "rayleigh_on_known_vectors": {}
      },
      "schur_complement_ok": true,
      "verdict": "schur_psd",
      "c0": 0.1111111111111111,
      "candidate_only": true,
      "theorem_promoted": false,
      "Q_helical_coupling_certificate_diagnostics": {
        "audit_requested": true,
        "status": "ok",
        "candidate_certificate_only": true,
        "gpu_kn_authority": false,
        "C_dimension": 4348,
        "lifted_dimension": 8696,
        "Q_decomposition": "Q_N = D_N + E_N; D_N is helical channel block diagonal",
        "D_lambda_min_one_perp": 1.1715170558706698e-05,
        "Q_lambda_min_one_perp": 1.1033193961148808e-05,
        "E_operator_norm_one_perp": 0.009785257255395403,
        "relative_bound_kappa": 0.5784612697085518,
        "relative_bound_below_one_observed": true,
        "perturbation_lower_bound": 4.938398122464977e-06,
        "actual_to_bound_ratio": 2.234164538285877,
        "off_block_frobenius_ratio": 0.11567582242213298,
        "dominant_E_sector_pair_by_frobenius": "+ -",
        "gpuSchurMatvecInstalled": false,
        "gpuCpuParityObserved": false,
        "gpuHelicalCouplingScout": false,
        "gpuKnAuthority": false,
        "gpuBackendStatus": "vulkan_triad_laplacian_unavailable",
        "gpuBackendName": "vulkan-scout",
        "gpuVulkanIcd": null,
        "gpuIcdProbeErrors": [],
        "gpuMatvecMaxAbsErrorGood": null,
        "gpuMatvecMaxAbsErrorBad": null,
        "helical_coupling_uniformly_bounded": false,
        "helical_block_floor_uniformly_proved": false,
        "gate1_conditional_theorem_proved": false
      },
      "checkpoint_overlay_used": true,
      "checkpoint_schema_version": "1.0.0"
    }
  ],
  "analysis_text": "## Schur Audit Summary\n\n| N | block | G | C | M_CC \u03bb_min | S_C \u03bb0 | S_C \u03bb1 | S_C \u03bb2 | nullity est | max \\|S_C 1\\| | corr(constant) | Verdict |\n|---:|---:|---:|---:|---:|---:|---:|---:|---:|---:|---:|:---|\n| 10 | 4374 | 26 | 4348 | 3.334351e-06 | 2.174854e-18 | 1.866017e-05 | 1.947443e-05 | 1 | 2.79e-16 | 1.0000 | schur_psd |\n\nN=10: \u03bb0=2.174854e-18, \u03bb1=1.866017e-05, \u03bb2=1.947443e-05, nullity_est=1, eval=eigsh\nN=10: max |S_C 1_C|=2.786942e-16, L2 row-sum residual=5.267293e-16\nN=10: Q helical-lift offdiag/total=1.272900e-01, basis_relevant=True, blockdiag=False\n\nM_GC norms: 3.33e-03\nVerdicts: ['schur_psd']\nGate 1 target = S_C \u2ab0 0 and dim ker S_C = 1: SUPPORTED at tested N, not proved.",
  "candidate_only": true,
  "theorem_promoted": false,
  "gate1_closed": false,
  "gate1_supported_at_tested_shells": true,
  "gate1_target": "Uniform signed domination on 1_C^\u22a5: sup_x\u22a51_C (x^T L_bad x)/(x^T L_good x) \u2264 rho_* < 1",
  "schurNullModeIsConstantProved": true,
  "kronStyleSchurReductionIdentified": true,
  "ordinaryKronLaplacianIdentified": false,
  "ordinaryKronLaplacianRoute": false,
  "balancedSignedGraphRoute": false,
  "effectiveOffdiagNonpositiveProved": false,
  "effectiveGraphConnectedProved": false,
  "effectiveGraphConnectedObserved": false,
  "schurComplementPsdVerified": true,
  "schurComplementNullityOneObserved": true,
  "schurSignedPsdRequired": false,
  "signedDominationProbeInstalled": false,
  "signedDominationRatioBelowOneObserved": false,