{
  "canonical_witnesses": [
    {
      "trace_id": "demo-trace-001",
      "residue_vector": [
        0.0,
        0.03138824102871723,
        0.06277648205743445,
        0.09416472308615167,
        0.1255529641148689,
        0.15694120514358612,
        0.18832944617230335,
        0.21971768720102058,
        0.2511059282297378,
        0.282494169258455,
        0.31388241028717223,
        0.34527065131588947,
        0.3766588923446067,
        0.40804713337332393,
        0.43943537440204117
      ],
      "basin_id": 0,
      "invariants": {
        "entropy": 2.47710602556908,
        "mdl_cost": 107.47710602556909,
        "hot": 15.0,
        "cold": 7.0,
        "basin": 0.0,
        "similarity": 0.8509629433967633
      },
      "proof_signature": ""
    }
  ],
  "cluster_assignments": [
    0
  ],
  "silhouette": 0.0,
  "invariance_score": 0.9819413092550792
}