{
  "script": "scripts/ns_triad_kn_cross_shell_schur_symbolic_audit.py",
  "contract": "ns_triad_kn_cross_shell_schur_symbolic_audit",
  "schema_version": "1.0.0",
  "c0": 0.1111111111111111,
  "rows": [
    {
      "N": 8,
      "K": 7,
      "eta": 0.25,
      "mode_count": 4912,
      "edge_count": 1543284,
      "block_size": 2742,
      "G_size": 26,
      "C_size": 2716,
      "M_GG": {
        "label": "M_GG",
        "n": 26,
        "rank": 26,
        "nullity": 0,
        "lambda_min": 0.0001850152708959748,
        "lambda_max": 0.011176792750552387,
        "norm": 0.011176792750552387,
        "psd_gap": 0.0001850152708959748
      },
      "M_GC_norm": 0.0033382663610096877,
      "M_CC": {
        "label": "M_CC",
        "n": 2716,
        "rank": 2716,
        "nullity": 0,
        "lambda_min": 6.117025751234189e-06,
        "lambda_max": 0.0335723472549609,
        "norm": 0.0335723472549609,
        "psd_gap": 6.117025751234189e-06
      },
      "M_CC_worst_eigenvector_support": {
        "support": {
          "7": 0.43478312390758467,
          "8": 0.5652168760924154
        },
        "lambda_min": 6.1170257512343604e-06,
        "norm_sq": 1.0000000000000004
      },
      "S_C": {
        "label": "S_C",
        "n": 2716,
        "rank": 2715,
        "nullity": 1,
        "lambda_min": -3.3955433273056765e-19,
        "lambda_max": 0.03356919959338034,
        "norm": 0.03356919959338034,
        "psd_gap": -3.3955433273056765e-19
      },
      "correction_norm": 0.0009972806544036878,
      "S_C_worst_eigenvector_support": {
        "support": {
          "7": 0.4337260677466877,
          "8": 0.5662739322533125
        },
        "lambda_min": -5.363773738760997e-19,
        "norm_sq": 1.0000000000000004
      },
      "null_vector_diagnostics": {
        "corr_constant": 1.0,
        "corr_shell_7": 0.6585788242470962,
        "corr_shell_8": 0.7525117489138041,
        "shell_mass": {
          "7": 0.43372606774668754,
          "8": 0.5662739322533124
        },
        "corr_shell_balance": -0.1325478645066261,
        "corr_sqrt_degree": 0.9792513701123431,
        "corr_inv_degree": 0.9545055803880086,
        "corr_degree_weighted_balance": -0.06072289170812856
      },
      "row_sum_diagnostics": {
        "n": 2716,
        "max_abs_row_sum": 1.1644331332494318e-16,
        "l2_row_sum": 2.317873406158035e-16,
        "mean_row_sum": -2.364062482702533e-19
      },
      "effective_laplacian_sign_diagnostics": null,
      "signed_factorization_diagnostics": null,
      "domination_ratio_matrix_free_diagnostics": null,
      "domination_ratio_restricted_sector_diagnostics": null,
      "domination_halo_growth_diagnostics": null,
      "domination_coarse_quotient_diagnostics": null,
      "domination_row_pairing_diagnostics": null,
      "Q_helical_lift_diagnostics": {
        "audit_requested": true,
        "status": "ok",
        "gpu_kn_authority": false,
        "helical_basis_constructed": true,
        "current_phase_Q_projected_into_helical_basis": true,
        "candidate_lift_only": true,
        "q_equals_waleffe_triad_operator_proved": false,
        "full_waleffe_eight_sector_available": false,
        "helical_channel_sector_count": 2,
        "note": "Current DASHI Q acts on scalar seam amplitudes. This audit builds a candidate canonical helical-channel lift and measures channel-block structure; it does not identify Q with a Waleffe triad operator.",
        "Q_scalar_trace": 2.641733796468733,
        "Q_scalar_fro_norm": 0.24633204114838397,
        "Q_helical_channel_block_fro_norms": {
          "++": 0.2376532110859419,
          "+-": 0.03402031325454876,
          "-+": 0.03402031325454876,
          "--": 0.2376532110859419
        },
        "Q_helical_block_offdiag_to_total_fro_ratio": 0.19531356203792677,
        "Q_helical_block_diag_to_total_fro_ratio": 1.3643876480396708,
        "Q_helical_channel_gram_symmetry_defect_fro": {
          "++": 0.0,
          "+-": 0.0,
          "-+": 0.0,
          "--": 0.0
        },
        "waleffe_helical_basis_relevant_observed": true,
        "q_helical_block_diagonalization_observed": false,
        "rayleigh_on_known_vectors": {}
      },
      "schur_complement_ok": true,
      "verdict": "schur_psd",
      "c0": 0.1111111111111111,
      "candidate_only": true,
      "theorem_promoted": false,
      "Q_helical_coupling_certificate_diagnostics": {
        "audit_requested": true,
        "status": "ok",
        "candidate_certificate_only": true,
        "gpu_kn_authority": false,
        "C_dimension": 2716,
        "lifted_dimension": 5432,
        "Q_decomposition": "Q_N = D_N + E_N; D_N is helical channel block diagonal",
        "D_lambda_min_one_perp": 8.65144282371554e-06,
        "Q_lambda_min_one_perp": 8.090994661936542e-06,
        "E_operator_norm_one_perp": 0.00795175888646281,
        "relative_bound_kappa": 0.5447532820565295,
        "relative_bound_below_one_observed": true,
        "perturbation_lower_bound": 3.93854095097209e-06,
        "actual_to_bound_ratio": 2.0543126915919374,
        "off_block_frobenius_ratio": 0.09080822423211748,
        "dominant_E_sector_pair_by_frobenius": "+ -",
        "gpuSchurMatvecInstalled": true,
        "gpuCpuParityObserved": false,
        "gpuHelicalCouplingScout": false,
        "gpuKnAuthority": false,
        "gpuBackendStatus": "ok",
        "gpuBackendName": "vulkan-scout",
        "gpuVulkanIcd": "/usr/share/vulkan/icd.d/radeon_icd.json",
        "gpuIcdProbeErrors": [],
        "gpuMatvecMaxAbsErrorGood": 0.0006796155029123704,
        "gpuMatvecMaxAbsErrorBad": 0.00015500716792191154,
        "helical_coupling_uniformly_bounded": false,
        "helical_block_floor_uniformly_proved": false,
        "gate1_conditional_theorem_proved": false
      },
      "checkpoint_overlay_used": true,
      "checkpoint_schema_version": "1.0.0"
    }
  ],
  "analysis_text": "## Schur Audit Summary\n\n| N | block | G | C | M_CC \u03bb_min | S_C \u03bb0 | S_C \u03bb1 | S_C \u03bb2 | nullity est | max \\|S_C 1\\| | corr(constant) | Verdict |\n|---:|---:|---:|---:|---:|---:|---:|---:|---:|---:|---:|:---|\n| 8 | 2742 | 26 | 2716 | 6.117026e-06 | \u2014 | \u2014 | \u2014 | 1 | 1.16e-16 | 1.0000 | schur_psd |\n\nN=8: , nullity_est=1, eval=dense\nN=8: max |S_C 1_C|=1.164433e-16, L2 row-sum residual=2.317873e-16\nN=8: Q helical-lift offdiag/total=1.953136e-01, basis_relevant=True, blockdiag=False\n\nM_GC norms: 3.34e-03\nVerdicts: ['schur_psd']\nGate 1 target = S_C \u2ab0 0 and dim ker S_C = 1: SUPPORTED at tested N, not proved.",
  "candidate_only": true,
  "theorem_promoted": false,
  "gate1_closed": false,
  "gate1_supported_at_tested_shells": true,
  "gate1_target": "Uniform signed domination on 1_C^\u22a5: sup_x\u22a51_C (x^T L_bad x)/(x^T L_good x) \u2264 rho_* < 1",
  "schurNullModeIsConstantProved": true,
  "kronStyleSchurReductionIdentified": true,
  "ordinaryKronLaplacianIdentified": false,
  "ordinaryKronLaplacianRoute": false,
  "balancedSignedGraphRoute": false,
  "effectiveOffdiagNonpositiveProved": false,
  "effectiveGraphConnectedProved": false,
  "effectiveGraphConnectedObserved": false,
  "schurComplementPsdVerified": true,
  "schurComplementNullityOneObserved": true,
  "schurSignedPsdRequired": false,
  "signedDominationProbeInstalled": false,
  "signedDominationRatioBelowOneObserved": false,
  "signedDominationRatioUniformlyBounded": false,
  "restrictedSectorDominationAuditInstalled": false,
  "haloGrowthDominationAuditInstalled": false,
  "coarseQuotientDominationAuditInstalled": false,
  "rowPairingDominationAuditInstalled": false,
  "qHelicalLiftAuditInstalled": true,
  "qHelicalCouplingCertificateAuditInstalled": true,
  "gpuDominationScoutInstalled": false,
  "gpuDominationScoutMatchesCpu": false,
  "gpuSchurMatvecInstalled": true,
  "gpuCpuParityObserved": false,
  "gpuHelicalCouplingScout": false,
  "gpuKnAuthority": false,