C0_model,C0,beta_convergence,beta_absorption,beta_strong_r_0_25,gap_beta6_to_absorption,r_at_beta6,KP_inf_at_beta6
baseline_C0_1,1.0,10.107066731633527,12.971311279401895,15.835555827170264,6.971311279401895,2.701778200619695,inf
log_c2_over_c1,4.692903216611249,16.495708936899053,19.35995348466742,22.22419803243579,13.359953484667422,12.67918360825832,inf
sqrt_irrep2_over_irrep1,10.40049098677353,19.784145307251887,22.648389855020255,25.512634402788624,16.648389855020255,28.099819823806346,inf
sqrt_c2_over_c1,10.448428750538142,19.80314775768983,22.667392305458197,25.531636853226566,16.667392305458197,28.22933702893203,inf
irrep2_over_irrep1,108.17021276595744,29.461223882870247,32.325468430638615,35.18971297840699,26.325468430638615,292.2519228074581,inf
c2_over_c1,109.16966335507202,29.499228783746126,32.3634733315145,35.227717879282864,26.3634733315145,294.95221662172435,inf
