{
  "basis": "span_1_log_phiStar",
  "chi2_corrected_after_shape_removal": 1791.432886882188,
  "chi2_cross": 6.821210263296962e-12,
  "chi2_fraction_from_shape": 0.9687052128530348,
  "chi2_per_dof_corrected_after_shape_removal": 111.96455543013676,
  "chi2_per_dof_raw": 3180.211733150705,
  "chi2_raw": 57243.81119671269,
  "chi2_shape": 55452.378309830514,
  "covariance_law": "C_log[i,j] = C_raw[i,j] / (R_data[i] * R_data[j])",
  "existing_runner_log_phi_diagnostic": {
    "basis": [
      "1",
      "log(phiStar)"
    ],
    "fitInnerProduct": "inverse propagated log covariance",
    "fittedChi2": 55452.378309830514,
    "fittedChi2FractionOfFull": 0.9687052128530349,
    "intercept": -0.3104937924536695,
    "logPhiSlope": -0.34242419691254444,
    "remainingChi2AfterProjection": 1791.432886882188,
    "remainingChi2FractionOfFull": 0.031294787146965215,
    "status": "computed"
  },
  "extended_basis_decomposition": {
    "basis_source": "Structural_QCD_log_series",
    "log_cubic": {
      "basis_dim": 4,
      "chi2_perp": 252.51270887792188,
      "chi2_perp_per_dof": 18.036622062708705,
      "coefficients": [
        -0.261608474568653,
        -0.19810845664320986,
        0.08021870293046186,
        0.010077661408074227
      ],
      "coverage": 0.9955888208070182,
      "dof_perp": 14
    },
    "log_cubic_promotability": "partial",
    "log_linear": {
      "basis_dim": 2,
      "chi2_perp": 1791.432886882188,
      "chi2_perp_per_dof": 111.96455543013676,
      "coefficients": [
        -0.3104937924536695,
        -0.34242419691254444
      ],
      "coverage": 0.9687052128530348,
      "dof_perp": 16
    },
    "log_quadratic": {
      "basis_dim": 3,
      "chi2_perp": 1745.2876070658738,
      "chi2_perp_per_dof": 116.35250713772491,
      "coefficients": [
        -0.3456040018237741,
        -0.37520820716245223,
        -0.005629554053299893
      ],
      "coverage": 0.9695113310840124,
      "dof_perp": 15
    },
    "log_quadratic_promotability": "blocked",
    "mechanism_discrimination": {
      "piecewise_log_linear_at_peak": {
        "basis_dim": 3,
        "chi2_perp": 713.4269036783105,
        "chi2_perp_per_dof": 47.56179357855403,
        "coefficients": [
          -0.32183718319741467,
          -0.35665806771972786,
          0.129895135344737
        ],
        "coverage": 0.9875370474333602,
        "dof_perp": 15
      },
      "piecewise_log_linear_promotability": "blocked",
      "pivot_bin": 17,
      "pivot_phi_star": 2.215,
      "preferred_diagnostic_basis": "step_at_peak",
      "step_at_peak": {
        "basis_dim": 3,
        "chi2_perp": 713.42690367831,
        "chi2_perp_per_dof": 47.561793578554,
        "coefficients": [
          -0.3218371831974147,
          -0.3566580677197279,
          0.3869326041662279
        ],
        "coverage": 0.9875370474333602,
        "dof_perp": 15
      },
      "step_promotability": "blocked"
    },
    "multi_transition_discrimination": {
      "bin_integration_correction": {
        "chi2": 56120.09069379521,
        "chi2_per_dof": 3117.782816321956,
        "promotability": "blocked",
        "protocol": "second_derivative_point_to_bin_average_correction_in_strict_log_metric"
      },
      "lobe_structure_after_linear": [
        "positive",
        "negative",
        "positive"
      ],
      "piecewise_log_linear_3_region": {
        "basis_dim": 6,
        "chi2_perp": 399.92974131521373,
        "chi2_perp_per_dof": 33.32747844293448,
        "coefficients": [
          -0.20680813044226892,
          -0.329916043985666,
          -0.3393780179077595,
          -0.3548643271110632,
          -0.2513283238152351,
          0.008277546221320623
        ],
        "coverage": 0.9930135724202412,
        "dof_perp": 12
      },
      "piecewise_promotability": "blocked",
      "promotable_if_derived": false,
      "sudakov_matched_gaussian_log_power": {
        "basis_dim": 4,
        "chi2_perp": 30075.2653523246,
        "chi2_perp_per_dof": 2148.233239451757,
        "coefficients": [
          -9630.61190571591,
          0.28766266801032536,
          -0.7998878655628727,
          -0.18545634445210896
        ],
        "coverage": 0.474611058844878,
        "dof_perp": 14
      },
      "sudakov_promotability": "blocked",
      "transition_1_bin": 13,
      "transition_1_interpretation": "non-perturbative to perturbative resummation transition",
      "transition_1_phi_star": 0.1395,
      "transition_2_bin": 16,
      "transition_2_interpretation": "resummation to fixed-order tail transition",
      "transition_2_phi_star": 0.8385
    },
    "peak_residual_bin_after_linear": 17,
    "peak_residual_per_bin_chi2_after_linear_diag_approx": 643.3263320985052,
    "peak_residual_phi_star_after_linear": 2.215,
    "signed_residual_window_after_linear": {
      "hi_exclusive": 18,
      "lo": 9,
      "rows": [
        {
          "bin": 9,
          "per_bin_chi2_after_linear_diag_approx": 135.5393783412039,
          "phi_star": 0.051000000000000004,
          "residual_perp_after_linear": 0.08001109759683533,
          "sign": "+"
        },
        {
          "bin": 10,
          "per_bin_chi2_after_linear_diag_approx": 126.59719784189154,
          "phi_star": 0.0645,
          "residual_perp_after_linear": 0.07358656746973691,
          "sign": "+"
        },
        {
          "bin": 11,
          "per_bin_chi2_after_linear_diag_approx": 86.79472297349105,
          "phi_star": 0.08149999999999999,
          "residual_perp_after_linear": 0.05806376811849023,
          "sign": "+"
        },
        {
          "bin": 12,
          "per_bin_chi2_after_linear_diag_approx": 20.28583591206636,
          "phi_star": 0.10250000000000001,
          "residual_perp_after_linear": 0.02794846503820525,
          "sign": "+"
        },
        {
          "bin": 13,
          "per_bin_chi2_after_linear_diag_approx": 3.594848401164273,
          "phi_star": 0.1395,
          "residual_perp_after_linear": 0.009232504518658091,
          "sign": "+"
        },
        {
          "bin": 14,
          "per_bin_chi2_after_linear_diag_approx": 11.461212247543214,
          "phi_star": 0.21150000000000002,
          "residual_perp_after_linear": -0.01562938519225454,
          "sign": "-"
        },
        {
          "bin": 15,
          "per_bin_chi2_after_linear_diag_approx": 13.498188853508772,
          "phi_star": 0.391,
          "residual_perp_after_linear": -0.01641608012433976,
          "sign": "-"
        },
        {
          "bin": 16,
          "per_bin_chi2_after_linear_diag_approx": 16.1930676166171,
          "phi_star": 0.8385,
          "residual_perp_after_linear": -0.02695855005404868,
          "sign": "-"
        },
        {
          "bin": 17,
          "per_bin_chi2_after_linear_diag_approx": 643.3263320985052,
          "phi_star": 2.215,
          "residual_perp_after_linear": 0.28659112003293397,
          "sign": "+"
        }
      ],
      "sign_flip_bins": [
        13,
        16
      ],
      "sign_flip_count": 2,
      "sign_flip_phi_star": [
        0.1395,
        0.8385
      ],
      "window": 8
    },
    "smooth_antisymmetric_discrimination": {
      "erf_mu_log_phi": 0.002672930367290974,
      "erf_optimizer_success": true,
      "erf_pivot_phi_star": 1.0026765058306102,
      "erf_promotability": "blocked",
      "erf_sigma_log_phi": 0.19866530597209847,
      "erf_sigmoid": {
        "basis_dim": 3,
        "chi2_perp": 684.8061104862752,
        "chi2_perp_per_dof": 45.65374069908501,
        "coefficients": [
          -0.11888718471234148,
          -0.35935958044401084,
          0.21236726232114692
        ],
        "coverage": 0.9880370280005815,
        "dof_perp": 15
      },
      "multiplicative_correction": {
        "basis": "log_ratio_quadratic_in_log_phiStar",
        "chi2_after_correction": 1745.2876070658726,
        "chi2_per_dof_after_correction": 96.9604226147707,