{
  "artifact_schema": "dashi.dyturbo.t43_direct_strict_log.v1",
  "chi2": 139307.86711526965,
  "chi2_per_dof": 7739.325950848313,
  "denominator_dat": "temp-DOWNLOADED/dyturbo/run_cms_smoke/tmp_dyturbo_t43_den_resonly_nodamp_main.dat",
  "denominator_xs_qt": [
    1288.24,
    3623.67,
    6522.53,
    7417.55,
    10854.0,
    10760.8,
    11165.7,
    16045.4,
    34829.4,
    36781.0,
    41229.9,
    55839.0,
    52606.8,
    93106.5,
    94168.2,
    97663.0,
    36544.0,
    4418.36
  ],
  "log_prediction": [
    -3.0861185588843125,
    -3.2623598636178306,
    -3.404148441086886,
    -3.1606486340790174,
    -3.1742864747240116,
    -3.054274879080617,
    -3.2405634055200085,
    -3.229306845105641,
    -3.31022522896029,
    -3.4647587017234582,
    -3.584930075310583,
    -3.4923620800064517,
    -3.567316145137558,
    -3.701226257238791,
    -4.041553476438304,
    -4.329426432255326,
    -3.9736309154888807,
    -4.20228099127908
  ],
  "log_residuals": [
    0.21915973748500672,
    0.046112495062126335,
    -0.1054986224383363,
    0.1292667982691147,
    0.09978498561213911,
    0.1806795160002741,
    -0.00487198772324593,
    -0.007276048544138991,
    -0.1231629440544042,
    -0.3350377881661504,
    -0.4875636678395794,
    -0.43634887556753066,
    -0.5667321208525427,
    -0.7533885087940462,
    -1.164528255949536,
    -1.5210364239521539,
    -1.2600202838060213,
    -1.6513883733072752
  ],
  "n_bins": 18,
  "numerator_dat": "temp-DOWNLOADED/dyturbo/run_cms_smoke/tmp_dyturbo_t43_num_resonly_nodamp_main.dat",
  "numerator_xs_qt": [
    58.8454,
    138.779,
    216.777,
    314.491,
    453.957,
    507.446,
    437.046,
    635.156,
    1271.55,
    1150.53,
    1143.66,
    1699.12,
    1485.17,
    2299.1,
    1654.55,
    1286.72,
    687.211,
    66.1049
  ],
  "prediction_ratio": [
    0.04567891076196982,
    0.03829791344134537,
    0.03323510968903171,
    0.04239823122189941,
    0.04182393587617468,
    0.047156902832503164,
    0.03914183615895107,
    0.03958492776745983,
    0.03650795018002032,
    0.0312805524591501,
    0.027738607175860238,
    0.030428911692544636,
    0.02823152140027525,
    0.024693227647908576,
    0.017570156379754523,
    0.013175102136940295,
    0.01880502955341506,
    0.014961411021283916
  ],
  "promotes": false,
  "promotion_boundary": "direct DYTurbo fiducial route promotes only if strict-log chi2/dof <= threshold; it does not satisfy the independent W_i provider contract",
  "provider": "DYTurbo-1.4.2-direct-fiducial-xs_qt",
  "provider_role": "direct fiducial t43 ratio prediction, not a pure hadronic W_i grid",
  "status": "computed",
  "strict_artifact": "scripts/data/outputs/t43_strict_log_sigma_dashi_v4_20260515.json",
  "strict_pass": false,
  "threshold": 2.0
}
