{
  "artifact_schema": "dashi.dyturbo.t43_direct_strict_log.v1",
  "chi2": 198312.6187241528,
  "chi2_per_dof": 11017.367706897378,
  "denominator_dat": "temp-DOWNLOADED/dyturbo/run_cms_smoke/tmp_dyturbo_t43_den_wi_20k5_serial_main.dat",
  "denominator_xs_qt": [
    1308.45,
    4994.62,
    17692.9,
    2770.69,
    14597.3,
    8328.46,
    15177.0,
    22940.2,
    41191.0,
    37175.4,
    54203.3,
    55479.3,
    53334.4,
    84027.2,
    105916.0,
    121897.0,
    44909.5,
    10943.4
  ],
  "log_prediction": [
    -3.2408785089426124,
    -1.9126444434397927,
    -4.636638694511906,
    -1.8037800762772487,
    -3.6424071445785886,
    -2.441669168621927,
    -2.782379129135075,
    -4.005559491287617,
    -3.2405456503406493,
    -3.1838388620934395,
    -3.644284521034763,
    -4.019941697295447,
    -3.484192822898398,
    -3.6532754597088384,
    -3.9272541649714623,
    -4.137688253282074,
    -4.026543685573581,
    -4.041232373653734
  ],
  "log_residuals": [
    0.06439978742670682,
    1.3958279152401643,
    -1.3379888758633567,
    1.4861353560708834,
    -0.3683356842424379,
    0.793285226458964,
    0.4533122886616878,
    -0.7835286947261149,
    -0.05348336543476373,
    -0.05411794853613161,
    -0.5469181135637595,
    -0.9639284928565264,
    -0.4836087986133828,
    -0.7054377112640937,
    -1.050228944482694,
    -1.3292982449789017,
    -1.3129330538907218,
    -1.4903397556819287
  ],
  "n_bins": 18,
  "numerator_dat": "temp-DOWNLOADED/dyturbo/run_cms_smoke/tmp_dyturbo_t43_num_wi_20k5_serial_main.dat",
  "numerator_xs_qt": [
    51.199,
    737.652,
    171.448,
    456.264,
    382.292,
    724.705,
    939.321,
    417.835,
    1612.32,
    1540.04,
    1416.88,
    996.076,
    1636.22,
    2176.82,
    2086.3,
    1945.44,
    801.0,
    192.339
  ],
  "prediction_ratio": [
    0.039129504375406014,
    0.14768931370154287,
    0.00969021471889854,
    0.16467522530488796,
    0.02618922677481452,
    0.0870154866565968,
    0.06189108519470251,
    0.01821409577946138,
    0.03914253113544221,
    0.04142631955540491,
    0.02614010586071328,
    0.017954011676427063,
    0.030678511429771405,
    0.025906135156235126,
    0.019697684957891162,
    0.01595970368425802,
    0.01783586991616473,
    0.01757579911179341
  ],
  "promotes": false,
  "promotion_boundary": "direct DYTurbo fiducial route promotes only if strict-log chi2/dof <= threshold; it does not satisfy the independent W_i provider contract",
  "provider": "DYTurbo-1.4.2-direct-fiducial-xs_qt",
  "provider_role": "direct fiducial t43 ratio prediction, not a pure hadronic W_i grid",
  "status": "computed",
  "strict_artifact": "scripts/data/outputs/t43_strict_log_sigma_dashi_v4_20260515.json",
  "strict_pass": false,
  "threshold": 2.0
}
