model,p,max_level,atom_count,grid_size,alpha,frame_lower_A,frame_upper_B,max_offdiag_mu,condition_number,vladimirov_lambda_min,vladimirov_lambda_max,pawotg_sigma,pawotg_series,naive_parent_child_overlap,promotion_status
padic_kozyrev_exact,3,5,242,243,2.0,1.0,1.0,0.0,1.0,1.6935087808430286e-05,1.0,0.2886751345948129,0.08028462811303172,0.5773502691896257,NO_PROMOTION
archimedean_digit_haar_kozyrev,3,5,242,243,2.0,0.9999999999999858,1.0000000000000062,1.4210854715202004e-14,1.0000000000000204,1.6935087808430286e-05,1.0,0.2886751345948129,0.08028462811303172,0.5773502691896257,NO_PROMOTION
naive_radial_shell_nested,3,5,6,243,2.0,0.2841425228900301,2.7426733744701512,0.577350269189626,9.6524566142873,1.6935087808430286e-05,1.0,0.2886751345948129,0.08028462811303172,0.5773502691896257,NO_PROMOTION
