label,beta_bare,beta_blocked,p,bt_branching_factor,c_min,entropy_a,diameter,z_literal_bare,kp_literal_bare,kp_passes_literal_bare,z_literal_blocked,kp_literal_blocked,kp_passes_literal_blocked,z_suppressive_unit_blocked,kp_suppressive_unit_blocked,kp_passes_suppressive_unit_blocked,z_blocked_contour,kp_blocked_contour,kp_passes_blocked_contour,z_blocked_contour_d2,geometric_ratio_blocked_d2_d1,requires_rg_transfer,finite_prefix_conditionally_clears,all_diameter_certified,balaban_rg_transfer_certified,proof_gate_pass,promotion_status,interpretation
physical_bare,6.0,6.0,7,8,0.242,0.5,1,0.9975212478233336,7.980169982586669,0,0.9975212478233336,7.980169982586669,0,0.0024787521766663585,0.019830017413330868,1,0.38596831437424217,3.0877465149939374,0,0.14897153970089383,0.38596831437424217,0,0,0,0,0,NO_PROMOTION_DIAGNOSTIC_ONLY,KP_SCALE_ROW_FAILS
one_loop_carrier,6.0,7.69,7,8,0.242,0.5,1,0.9975212478233336,7.980169982586669,0,0.9995426218282649,7.996340974626119,0,0.0004573781717350623,0.0036590253738804984,1,0.25640937260039515,2.051274980803161,0,0.06574576635732828,0.25640937260039515,0,0,0,0,0,NO_PROMOTION_DIAGNOSTIC_ONLY,KP_SCALE_ROW_FAILS
kp_threshold,6.0,10.13,7,8,0.242,0.5,1,0.9975212478233336,7.980169982586669,0,0.9999601345291115,7.999681076232892,0,3.9865470888552325e-05,0.0003189237671084186,1,0.14206650300393364,1.1365320240314691,0,0.02018289127576669,0.14206650300393367,0,0,0,0,0,NO_PROMOTION_DIAGNOSTIC_ONLY,KP_SCALE_ROW_FAILS
strict_seed,6.0,13.64,7,8,0.242,0.5,1,0.9975212478233336,7.980169982586669,0,0.9999988081454279,7.999990465163423,0,1.191854572142826e-06,9.534836577142608e-06,1,0.0607565733088588,0.4860525864708704,1,0.0036913612002347335,0.0607565733088588,1,1,0,0,0,NO_PROMOTION_DIAGNOSTIC_ONLY,LITERAL_FAILS_BLOCKED_CONTOUR_PASSES_REQUIRES_BALABAN_TRANSFER
rg_flowed_carrier,6.0,16.7,7,8,0.242,0.5,1,0.9975212478233336,7.980169982586669,0,0.999999944116686,7.999999552933488,0,5.588331392518268e-08,4.470665114014614e-07,1,0.028972736844078417,0.23178189475262734,1,0.000839419480236219,0.028972736844078414,1,1,0,0,0,NO_PROMOTION_DIAGNOSTIC_ONLY,LITERAL_FAILS_BLOCKED_CONTOUR_PASSES_REQUIRES_BALABAN_TRANSFER
