theta_label,theta_radians,k_x,k_y,n_x,n_y,strain_xx,strain_xy,strain_yx,strain_yy,q,flux_proxy,amplification_proxy,anticorrelation_product,anticorrelation_nonpositive,positive_flux,negative_amplification
0,0.0,1.0,0.0,-0.0,1.0,-1.0,0.0,0.0,1.0,1.0,1.0,-1.0,-1.0,True,True,True
pi/8,0.39269908169872414,0.9238795325112867,0.3826834323650898,-0.3826834323650898,0.9238795325112867,-1.0,0.0,0.0,1.0,0.7071067811865475,0.7071067811865475,-0.7071067811865475,-0.4999999999999999,True,True,True
pi/4,0.7853981633974483,0.7071067811865476,0.7071067811865475,-0.7071067811865475,0.7071067811865476,-1.0,0.0,0.0,1.0,0.0,0.0,0.0,0.0,True,False,False
3pi/8,1.1780972450961724,0.38268343236508984,0.9238795325112867,-0.9238795325112867,0.38268343236508984,-1.0,0.0,0.0,1.0,-0.7071067811865475,-0.7071067811865475,0.7071067811865475,-0.4999999999999999,True,False,False
pi/2,1.5707963267948966,0.0,1.0,-1.0,0.0,-1.0,0.0,0.0,1.0,-1.0,-1.0,1.0,-1.0,True,False,False
5pi/8,1.9634954084936207,-0.3826834323650897,0.9238795325112867,-0.9238795325112867,-0.3826834323650897,-1.0,0.0,0.0,1.0,-0.7071067811865475,-0.7071067811865475,0.7071067811865475,-0.4999999999999999,True,False,False
3pi/4,2.356194490192345,-0.7071067811865475,0.7071067811865476,-0.7071067811865476,-0.7071067811865475,-1.0,0.0,0.0,1.0,0.0,0.0,0.0,0.0,True,False,False
7pi/8,2.748893571891069,-0.9238795325112867,0.3826834323650899,-0.3826834323650899,-0.9238795325112867,-1.0,0.0,0.0,1.0,0.7071067811865475,0.7071067811865475,-0.7071067811865475,-0.4999999999999999,True,True,True
pi,3.141592653589793,-1.0,0.0,-0.0,-1.0,-1.0,0.0,0.0,1.0,1.0,1.0,-1.0,-1.0,True,True,True
