{
  "script": "scripts/ns_triad_kn_cross_shell_schur_symbolic_audit.py",
  "contract": "ns_triad_kn_cross_shell_schur_symbolic_audit",
  "schema_version": "1.0.0",
  "c0": 0.1111111111111111,
  "rows": [
    {
      "N": 14,
      "K": 13,
      "eta": 0.25,
      "mode_count": 24388,
      "edge_count": 8463798,
      "block_size": 8790,
      "G_size": 26,
      "C_size": 8764,
      "M_GG": {
        "label": "M_GG",
        "n": 26,
        "rank": 26,
        "nullity": 0,
        "lambda_min": 7.13801237604767e-05,
        "lambda_max": 0.011943842960258862,
        "norm": 0.011943842960258862,
        "psd_gap": 7.13801237604767e-05
      },
      "M_GC_norm": 0.0033278681346235865,
      "M_CC": {
        "label": "M_CC",
        "n": 8764,
        "rank": null,
        "nullity": null,
        "nullity_estimate": 0,
        "lambda_min": 1.5434797967233328e-06,
        "lambda_max": null,
        "norm": null,
        "psd_gap": 1.5434797967233328e-06,
        "bottom_eigs": [
          1.5434797967233328e-06,
          1.077768669608496e-05,
          1.156647534566484e-05
        ],
        "evaluation_method": "eigsh"
      },
      "M_CC_worst_eigenvector_support": {
        "support": {
          "13": 0.4641106292128644,
          "14": 0.5358893707871356
        },
        "lambda_min": 1.5434797967233328e-06,
        "bottom_eigs": [
          1.5434797967233328e-06,
          1.077768669608496e-05,
          1.156647534566484e-05
        ],
        "evaluation_method": "eigsh"
      },
      "S_C": {
        "label": "S_C",
        "n": 8764,
        "rank": 8763,
        "nullity": 1,
        "nullity_estimate": 1,
        "lambda_min": -5.334603234408468e-19,
        "lambda_max": null,
        "norm": null,
        "psd_gap": -5.334603234408468e-19,
        "bottom_eigs": [
          -5.334603234408468e-19,
          1.0777259471142726e-05,
          1.1566138356325246e-05
        ],
        "evaluation_method": "eigsh"
      },
      "correction_norm": 0.0009276128667819758,
      "S_C_worst_eigenvector_support": {
        "support": {
          "13": 0.46303057964399735,
          "14": 0.5369694203560024
        },
        "lambda_min": -5.334603234408468e-19
      },
      "null_vector_diagnostics": {
        "corr_constant": 0.9999999999999999,
        "corr_shell_13": 0.6804635035356397,
        "corr_shell_14": 0.7327819732744539,
        "shell_mass": {
          "13": 0.46303057964399735,
          "14": 0.5369694203560024
        },
        "corr_shell_balance": -0.0739388407120044,
        "corr_sqrt_degree": 0.9677950318965947,
        "corr_inv_degree": 0.9555646131245048,
        "corr_degree_weighted_balance": -0.03142053027274542
      },
      "row_sum_diagnostics": {
        "n": 8764,
        "max_abs_row_sum": 3.8998752144303594e-16,
        "l2_row_sum": 6.9916008681562e-16,
        "mean_row_sum": -1.2312799965222753e-19
      },
      "effective_laplacian_sign_diagnostics": null,
      "signed_factorization_diagnostics": null,
      "domination_ratio_matrix_free_diagnostics": null,
      "domination_ratio_restricted_sector_diagnostics": null,
      "domination_halo_growth_diagnostics": null,
      "domination_coarse_quotient_diagnostics": null,
      "domination_row_pairing_diagnostics": null,
      "Q_helical_lift_diagnostics": null,
      "schur_complement_ok": true,
      "verdict": "schur_psd",
      "c0": 0.1111111111111111,
      "candidate_only": true,
      "theorem_promoted": false,
      "Q_helical_coupling_certificate_diagnostics": {
        "audit_requested": true,
        "status": "ok",
        "candidate_certificate_only": true,
        "evaluation_method": "matrix-free",
        "gpu_kn_authority": false,
        "C_dimension": 8764,
        "lifted_dimension": 17528,
        "Q_decomposition": "Q_N = D_N + E_N; D_N is helical channel block diagonal",
        "D_lambda_min_one_perp": 2.259807897107744e-05,
        "Q_lambda_min_one_perp": 4.049777431606898e-05,
        "E_operator_norm_one_perp": 0.011557875144401802,
        "relative_bound_kappa": 0.5948151147697078,
        "relative_bound_below_one_observed": true,
        "perturbation_lower_bound": 9.156400034321092e-06,
        "actual_to_bound_ratio": 4.422892639494832,
        "off_block_frobenius_ratio": 0.13362101815767058,
        "dominant_E_sector_pair_by_frobenius": "+ -",
        "solver_tol": 1e-08,
        "solver_maxiter": 200,
        "D_residual_norm": 3.0054981559310056e-05,
        "Q_residual_norm": 3.590679313983205e-05,
        "E_residual_norm_pos": 1.2930774449426321e-06,
        "E_residual_norm_neg": 1.778014771835936e-07,
        "kappa_residual_norm_pos": 4.2050175291756085e-06,
        "kappa_residual_norm_neg": 6.889829145355601e-05,
        "D_iterations": 195,
        "Q_iterations": 112,
        "E_iterations_pos": 152,
        "E_iterations_neg": 203,
        "gpuSchurMatvecInstalled": false,
        "gpuCpuParityObserved": false,
        "gpuHelicalCouplingScout": false,
        "gpuKnAuthority": false,
        "gpuBackendStatus": "not_requested",
        "gpuBackendName": null,
        "gpuVulkanIcd": null,
        "gpuDeviceName": null,
        "gpuIcdProbeErrors": [],
        "gpuMatvecMaxAbsErrorGood": null,
        "gpuMatvecMaxAbsErrorBad": null,
        "gpuMatvecRelativeL2ErrorGood": null,
        "gpuMatvecRelativeL2ErrorBad": null,
        "gpuMatvecRayleighErrorGood": null,
        "gpuMatvecRayleighErrorBad": null,
        "qHelicalCouplingDenseOverlayOOMAtN14": true,
        "qHelicalCouplingMatrixFreeRequired": true,
        "helical_coupling_uniformly_bounded": false,
        "helical_block_floor_uniformly_proved": false,
        "gate1_conditional_theorem_proved": false
      },
      "checkpoint_overlay_used": true,
      "checkpoint_schema_version": "1.0.0",
      "checkpoint_integrity": {
        "base_path": "/mnt/truenas/gem-net/tmp_dashi/ns_schur_n14",
        "core_path": "/mnt/truenas/gem-net/tmp_dashi/ns_schur_n14.core.npz",
        "matrices_path": "/mnt/truenas/gem-net/tmp_dashi/ns_schur_n14.matrices.npz",
        "core_exists": true,
        "matrices_exists": true,
        "core_zipfile": true,
        "matrices_zipfile": true,
        "core_testzip": null,
        "matrices_testzip": null,
        "status": "ok"
      }
    }
  ],
  "analysis_text": "## Schur Audit Summary\n\n| N | block | G | C | M_CC \u03bb_min | S_C \u03bb0 | S_C \u03bb1 | S_C \u03bb2 | nullity est | max \\|S_C 1\\| | corr(constant) | Verdict |\n|---:|---:|---:|---:|---:|---:|---:|---:|---:|---:|---:|:---|\n| 14 | 8790 | 26 | 8764 | 1.543480e-06 | -5.334603e-19 | 1.077726e-05 | 1.156614e-05 | 1 | 3.90e-16 | 1.0000 | schur_psd |\n\nN=14: \u03bb0=-5.334603e-19, \u03bb1=1.077726e-05, \u03bb2=1.156614e-05, nullity_est=1, eval=eigsh\nN=14: max |S_C 1_C|=3.899875e-16, L2 row-sum residual=6.991601e-16\nN=14: helical coupling kappa=5.948151e-01, bound=9.156400e-06, eval=matrix-free\n\nM_GC norms: 3.33e-03\nVerdicts: ['schur_psd']\nGate 1 target = S_C \u2ab0 0 and dim ker S_C = 1: SUPPORTED at tested N, not proved.",
  "candidate_only": true,
  "theorem_promoted": false,
  "gate1_closed": false,
  "gate1_supported_at_tested_shells": true,
  "gate1_target": "Uniform signed domination on 1_C^\u22a5: sup_x\u22a51_C (x^T L_bad x)/(x^T L_good x) \u2264 rho_* < 1",
  "schurNullModeIsConstantProved": true,
  "kronStyleSchurReductionIdentified": true,
  "ordinaryKronLaplacianIdentified": false,
  "ordinaryKronLaplacianRoute": false,
  "balancedSignedGraphRoute": false,
  "effectiveOffdiagNonpositiveProved": false,
  "effectiveGraphConnectedProved": false,
  "effectiveGraphConnectedObserved": false,
  "schurComplementPsdVerified": true,
  "schurComplementNullityOneObserved": true,
  "schurSignedPsdRequired": false,
  "signedDominationProbeInstalled": false,
  "signedDominationRatioBelowOneObserved": false,
  "signedDominationRatioUniformlyBounded": false,
  "restrictedSectorDominationAuditInstalled": false,