{"clay_promotion":false,"exact_constants":{"coherent_fraction":"P(|kappa|<eps)=2/pi*asin(eps)","density":"1/(pi*sqrt(1-kappa^2))","fourth_moment":0.375,"mean":0.0,"mean_abs":0.6366197723675814,"second_moment":0.5},"promotion":{"finite_statistical_diagnostic":true,"pde_or_clay_promotion":false,"terminal_promotion":false},"promotion_false":true,"provider":"/home/c/Documents/code/dashi_agda/scripts/ns_s2_biot_savart_eigenbundle.py","reference_law":{"abs_cdf":"P(|kappa|<eps)=2/pi*asin(eps)","density":"1/(pi*sqrt(1-kappa^2))","fourth_moment":0.375,"mean_abs":0.6366197723675814,"name":"arcsine_on_minus_one_one","second_moment":0.5},"requested_samples":6000,"scope":"finite_s2_biot_savart_symbol_diagnostic_not_pde_proof","script":"scripts/ns_kappa_arcsine_law_harness.py","seed":20260608,"summaries":{"random_tangent_output":{"abs_cdf":{"0.01":{"abs_error":0.0011996371650794752,"arcsine_expected":0.006366303831746142,"empirical":0.005166666666666667,"epsilon":0.01,"error":-0.0011996371650794752},"0.02":{"abs_error":0.0009334222401267498,"arcsine_expected":0.012733244426539917,"empirical":0.013666666666666667,"epsilon":0.02,"error":0.0009334222401267498},"0.05":{"abs_error":0.0006775998066540258,"arcsine_expected":0.03184426647332069,"empirical":0.031166666666666665,"epsilon":0.05,"error":-0.0006775998066540258},"0.1":{"abs_error":0.003268560858519856,"arcsine_expected":0.06376856085851985,"empirical":0.0605,"epsilon":0.1,"error":-0.003268560858519856},"0.2":{"abs_error":0.00702176703128321,"arcsine_expected":0.12818843369794988,"empirical":0.12116666666666667,"epsilon":0.2,"error":-0.00702176703128321},"0.5":{"abs_error":0.017333333333333367,"arcsine_expected":0.33333333333333337,"empirical":0.316,"epsilon":0.5,"error":-0.017333333333333367},"0.707106781187":{"abs_error":0.010499999999999954,"arcsine_expected":0.49999999999999994,"empirical":0.4895,"epsilon":0.7071067811865475,"error":-0.010499999999999954}},"clay_promotion":false,"count":6000,"failures":0,"fourth_moment":0.38191132998748867,"max_abs":0.9999999945899978,"mean":0.011622130564201937,"mean_abs":0.6444077829962855,"moment_errors":{"fourth_minus_3_over_8":0.006911329987488668,"mean_abs_minus_2_over_pi":0.007788010628704156,"mean_minus_0":0.011622130564201937,"second_minus_1_over_2":0.008217521889343549},"name":"random_tangent_output","quantiles":{"abs_q50":0.717222674914124,"abs_q95":0.9974293896790122,"q01":-0.9995071284246615,"q05":-0.9881126164262677,"q25":-0.6982789148758174,"q50":0.007473600471472844,"q75":0.7295493054462407,"q95":0.9894036978893139,"q99":0.999767670662091},"second_moment":0.5082175218893435,"variance":0.5080824479704923},"random_triad_projected_b_proxy":{"abs_cdf":{"0.01":{"abs_error":0.00013369616825385788,"arcsine_expected":0.006366303831746142,"empirical":0.0065,"epsilon":0.01,"error":0.00013369616825385788},"0.02":{"abs_error":0.0007332444265399172,"arcsine_expected":0.012733244426539917,"empirical":0.012,"epsilon":0.02,"error":-0.0007332444265399172},"0.05":{"abs_error":0.0021775998066540236,"arcsine_expected":0.03184426647332069,"empirical":0.029666666666666668,"epsilon":0.05,"error":-0.0021775998066540236},"0.1":{"abs_error":0.001935227525186524,"arcsine_expected":0.06376856085851985,"empirical":0.06183333333333333,"epsilon":0.1,"error":-0.001935227525186524},"0.2":{"abs_error":0.004521767031283222,"arcsine_expected":0.12818843369794988,"empirical":0.12366666666666666,"epsilon":0.2,"error":-0.004521767031283222},"0.5":{"abs_error":0.010166666666666713,"arcsine_expected":0.33333333333333337,"empirical":0.32316666666666666,"epsilon":0.5,"error":-0.010166666666666713},"0.707106781187":{"abs_error":0.003000000000000058,"arcsine_expected":0.49999999999999994,"empirical":0.503,"epsilon":0.7071067811865475,"error":0.003000000000000058}},"clay_promotion":false,"count":6000,"failures":0,"fourth_moment":0.3766747617108039,"max_abs":0.9999999936656723,"mean":-5.050942212563413e-05,"mean_abs":0.640119728139011,"moment_errors":{"fourth_minus_3_over_8":0.0016747617108038848,"mean_abs_minus_2_over_pi":0.003499955771429586,"mean_minus_0":-5.050942212563413e-05,"second_minus_1_over_2":0.002728613856562867},"name":"random_triad_projected_b_proxy","quantiles":{"abs_q50":0.7049259688798493,"abs_q95":0.9974296073850993,"q01":-0.9995530091638262,"q05":-0.9904199222184824,"q25":-0.7014579222047244,"q50":-0.002243178345794182,"q75":0.708436228485778,"q95":0.986264653681211,"q99":0.9996644476844133},"second_moment":0.5027286138565629,"variance":0.5027286113053611}},"theorem_label":"NS-F3","theorem_name":"NSCascadeKappaArcsineLaw"}
