{"clay_promotion":false,"exact_constants":{"mean_lambda_squared":0.18333333333333332,"mean_lambda_squared_fraction":"11/60","rms_lambda":0.4281744192888376},"formula":"E_S2[lambda^2] = 11/60","harness":"ns_strain_mean_square_formula_harness","monte_carlo":{"absolute_error":0.00020822742165677033,"max_lambda_sq":0.24999999985264854,"min_lambda_sq":0.00025468515740561664,"samples":6000,"seed":20260608,"target":0.18333333333333332,"value":0.1835415607549901},"notes":["midpoint quadrature uses sin(theta) surface weight","Monte Carlo samples z uniformly in [-1,1] and phi uniformly in [0,2pi)","finite angular symbol check only; not a PDE proof"],"promotion_false":true,"quadrature":{"absolute_error":3.173464697664441e-06,"max_lambda_sq":0.2499999942012503,"min_lambda_sq":9.517892931440027e-05,"phi_bins":360,"target":0.18333333333333332,"theta_bins":180,"value":0.18333650679803098,"weight_sum":12.5665301130843},"script":"scripts/ns_strain_mean_square_formula_harness.py","target":0.18333333333333332,"theorem_label":"NS-F5","theorem_name":"NSBiotSavartStrainMeanSquareExactFormula"}
