{
  "any_profile_positive_mean_after_penalty": true,
  "clay_promotion": false,
  "harness": "ns_typeI_selfsimilar_kappa_bias_harness",
  "interpretation": "positive proxy bias marks a PDE target requiring real Type-I/Abel measure control; negative proxy bias does not prove NS regularity",
  "ok": true,
  "pde_promotion": false,
  "penalty_scale": 0.08,
  "positive_mean_profiles_after_penalty": [
    "forward_bias"
  ],
  "profile": "all",
  "profiles": {
    "depleted": {
      "accepted_samples": 6000,
      "attempts": 6000,
      "clay_promotion": false,
      "creates_any_positive_after_penalty": false,
      "creates_positive_mean_after_penalty": false,
      "max_net_bias": -0.0068981365635620625,
      "mean_kappa_sq": 0.09835539333069918,
      "mean_lambda": 0.41562734933447404,
      "mean_net_bias_after_penalty": -0.14041031795523692,
      "mean_penalty": 0.01618804296625845,
      "mean_raw_bias": -0.1669408642349057,
      "mean_weighted_bias": -0.12422227498897846,
      "net_bias_q50": -0.14687935544085307,
      "net_bias_q90": -0.054321110106290454,
      "net_bias_q99": -0.01993827744176093,
      "pde_promotion": false,
      "positive_net_bias_fraction": 0.0,
      "positive_weighted_bias_fraction": 0.0,
      "profile": "depleted",
      "shell_summaries": [
        {
          "amplitude": 0.8269380237931788,
          "count": 480,
          "drift_weight": 0.1854729997267308,
          "index": 0,
          "mean_net_bias": -0.12188086824777718,
          "mean_weighted_bias": -0.11074301403676139,
          "normalized_diffusion": 0.018121301775147924,
          "positive_net_fraction": 0.0,
          "radius": 0.3499999999999999,
          "slope": 0.3709459994534616
        },
        {
          "amplitude": 0.8847935482315841,
          "count": 591,
          "drift_weight": 0.1572070658006147,
          "index": 1,
          "mean_net_bias": -0.14196418457215987,
          "mean_weighted_bias": -0.1304842825477422,
          "normalized_diffusion": 0.026093708809195027,
          "positive_net_fraction": 0.0,
          "radius": 0.4199922279639926,
          "slope": 0.3144141316012294
        },
        {
          "amplitude": 0.9273833910477479,
          "count": 632,
          "drift_weight": 0.09957612096336976,
          "index": 2,
          "mean_net_bias": -0.15495569786760635,
          "mean_weighted_bias": -0.14551936212698935,
          "normalized_diffusion": 0.037573550061002936,
          "positive_net_fraction": 0.0,
          "radius": 0.5039813472861667,
          "slope": 0.19915224192673953
        },
        {
          "amplitude": 0.9514303291211217,
          "count": 696,
          "drift_weight": 0.039368179123813525,
          "index": 3,
          "mean_net_bias": -0.15576960017315547,
          "mean_weighted_bias": -0.14900057829512645,
          "normalized_diffusion": 0.054103909663052834,
          "positive_net_fraction": 0.0,
          "radius": 0.6047664254257482,
          "slope": 0.07873635824762705
        },
        {
          "amplitude": 0.9543923158173682,
          "count": 652,
          "drift_weight": -0.024248189957329996,
          "index": 4,
          "mean_net_bias": -0.1613884332242504,
          "mean_weighted_bias": -0.15394448723946452,
          "normalized_diffusion": 0.07790674652981265,
          "positive_net_fraction": 0.0,
          "radius": 0.725706281178228,
          "slope": -0.04849637991465999
        },
        {
          "amplitude": 0.9347549279475195,
          "count": 657,
          "drift_weight": -0.09221576197111447,
          "index": 5,
          "mean_net_bias": -0.15995687770174352,
          "mean_weighted_bias": -0.14566923037403715,
          "normalized_diffusion": 0.11218156308221963,
          "positive_net_fraction": 0.0,
          "radius": 0.870831422512879,
          "slope": -0.18443152394222895
        },
        {
          "amplitude": 0.8923245932028677,
          "count": 623,
          "drift_weight": -0.16546991034250008,
          "index": 6,
          "mean_net_bias": -0.15301643753737287,
          "mean_weighted_bias": -0.1321863730871319,
          "normalized_diffusion": 0.16153547229384335,
          "positive_net_fraction": 0.0,
          "radius": 1.0449783694921062,
          "slope": -0.33093982068500016
        },
        {
          "amplitude": 0.8285040351270007,
          "count": 522,
          "drift_weight": -0.24471836482604628,
          "index": 7,
          "mean_net_bias": -0.1419948618305503,
          "mean_weighted_bias": -0.11578349698397576,
          "normalized_diffusion": 0.23260247131759554,
          "positive_net_fraction": 0.0,
          "radius": 1.2539508387919143,
          "slope": -0.48943672965209256
        },
        {
          "amplitude": 0.7464871037266113,
          "count": 425,
          "drift_weight": -0.3301311609760988,
          "index": 8,
          "mean_net_bias": -0.12540826276203693,
          "mean_weighted_bias": -0.09575997870961012,
          "normalized_diffusion": 0.33493516250495364,
          "positive_net_fraction": 0.0,
          "radius": 1.5047131615472384,
          "slope": -0.6602623219521976
        },
        {
          "amplitude": 0.6512450776496158,
          "count": 330,
          "drift_weight": -0.4210279116603892,
          "index": 9,
          "mean_net_bias": -0.1010692635230734,
          "mean_weighted_bias": -0.07042007843704583,
          "normalized_diffusion": 0.4822887841507365,
          "positive_net_fraction": 0.0,
          "radius": 1.805622380471337,
          "slope": -0.8420558233207784
        },
        {
          "amplitude": 0.549143421349824,
          "count": 216,
          "drift_weight": -0.5157282142462513,
          "index": 10,
          "mean_net_bias": -0.07882986945933292,
          "mean_weighted_bias": -0.04963422154372546,
          "normalized_diffusion": 0.6944701463351293,
          "positive_net_fraction": 0.0,
          "radius": 2.166706761245156,
          "slope": -1.0314564284925025
        },
        {
          "amplitude": 0.4471127166496049,
          "count": 176,
          "drift_weight": -0.5637561223246463,
          "index": 11,
          "mean_net_bias": -0.058321074455769686,
          "mean_weighted_bias": -0.03331226289090044,
          "normalized_diffusion": 1.0,
          "positive_net_fraction": 0.0,
          "radius": 2.5999999999999996,
          "slope": -1.1275122446492927
        }
      ]
    },
    "forward_bias": {
      "accepted_samples": 6000,
      "attempts": 6000,
      "clay_promotion": false,
      "creates_any_positive_after_penalty": true,
      "creates_positive_mean_after_penalty": true,
      "max_net_bias": 0.22800809491012392,
      "mean_kappa_sq": 0.8287541787545676,
      "mean_lambda": 0.4140853182047549,
      "mean_net_bias_after_penalty": 0.09056387910187791,
      "mean_penalty": 0.027713621603434532,
      "mean_raw_bias": 0.13625850252639946,
      "mean_weighted_bias": 0.11827750070531245,
      "net_bias_q50": 0.09137834910680308,
      "net_bias_q90": 0.18354490948305302,
      "net_bias_q99": 0.21984228101886877,
      "pde_promotion": false,
      "positive_net_bias_fraction": 0.8965,
      "positive_weighted_bias_fraction": 1.0,
      "profile": "forward_bias",
      "shell_summaries": [
        {
          "amplitude": 0.7027807198086017,
          "count": 293,
          "drift_weight": 0.23556070775000304,
          "index": 0,
          "mean_net_bias": 0.057735303889572626,
          "mean_weighted_bias": 0.06775880247063895,
          "normalized_diffusion": 0.018121301775147924,
          "positive_net_fraction": 0.931740614334471,
          "radius": 0.3499999999999999,
          "slope": 0.4711214155000061
        },
        {
          "amplitude": 0.7658082364520532,
          "count": 343,
          "drift_weight": 0.21915343309024385,
          "index": 1,
          "mean_net_bias": 0.06858375020170814,