BT_distance_proxy,cross_minus_to_plus,cross_plus_to_minus,signed_flip_imbalance,absolute_flip_imbalance,paired_flip_flow,imbalance_fraction_of_paired_flow,eta_signed_flip_by_p,does_signed_flip_decay
1,68645635409408.711,62954227847945.18,5691407561463.5312,5691407561463.5312,131599863257353.89,0.043247822760526244,0.96935782191063424,true
2,19155706522504.07,18977532221516.332,178174300987.73828,178174300987.73828,38133238744020.406,0.0046724145878030733,0.96935782191063424,true
3,5042414873197.5957,2697161263144.6792,2345253610052.9165,2345253610052.9165,7739576136342.2754,0.30302093664282803,0.96935782191063424,true
4,505549328103.19727,51061334854.378212,454487993248.81903,454487993248.81903,556610662957.57544,0.81652764399782951,0.96935782191063424,true
5,41569512266.214561,29820294323.31049,11749217942.904072,11749217942.904072,71389806589.525055,0.16457836915652915,0.96935782191063424,true
6,23014023526.010197,14539822976.458927,8474200549.5512695,8474200549.5512695,37553846502.469124,0.22565466227258771,0.96935782191063424,true
7,4724194926.1815815,1979123504.3903689,2745071421.7912126,2745071421.7912126,6703318430.5719509,0.40950932739099988,0.96935782191063424,true
8,727724334.45764947,284703914.58701551,443020419.87063396,443020419.87063396,1012428249.044665,0.43758204128408251,0.96935782191063424,true
9,486554536.47986829,5155205145.6184893,-4668650609.1386213,4668650609.1386213,5641759682.0983572,0.8275167451659684,0.96935782191063424,true
